,job_title,job_type,experience_level,location,salary_currency,salary,country,continent
0,Data scientist,Full Time,Senior,New York City,USD,149000, United States, North America
2,Data scientist,Full Time,Senior,Boston,USD,120000, United States, North America
3,Data scientist,Full Time,Senior,London,USD,68000, United Kingdom, Europe
4,Data scientist,Full Time,Senior,Boston,USD,120000, United States, North America
5,Data scientist,Full Time,Senior,New York City,USD,149000, United States, North America
6,Data scientist,Full Time,Senior,London,USD,68000, United Kingdom, Europe
7,Data scientist,Full Time,Senior,Research Triangle Park,USD,69000, United States, North America
8,Data scientist,Full Time,Senior,Sydney,USD,68000, Australia, Australia
9,Data scientist,Full Time,Senior,San Francisco,USD,140000, United States, North America
10,Data scientist,Full Time,Senior,Sofia,USD,68000, Bulgaria, Europe
12,Data scientist,Full Time,Entry,BangPa-in,USD,35000, Thailand, Asia
15,Data scientist,Full Time,Senior,Berlin,USD,68000, Germany, Europe
17,Data scientist,Full Time,Senior,NAMER,USD,68000, United States, North America
18,Data scientist,Full Time,Senior,Remote,USD,68000, United States, North America
20,Data scientist,Full Time,Senior,San Jose,USD,68000, United States, North America
22,Data scientist,Full Time,Senior,Petaling Jaya,USD,55000, Malaysia, Asia
23,Data scientist,Full Time,Senior,Englewood,USD,68000, United States, North America
24,Data scientist,Full Time,Senior,Pune,USD,68000, India, Asia
25,Data scientist,Full Time,Senior,London,USD,68000, United Kingdom, Europe
26,Data scientist,Full Time,Mid,Remote,USD,40000, United States, North America
27,Data scientist,Full Time,Entry,Paris,USD,36000, France, Europe
28,Data scientist,Internship,Entry,Paris,USD,36000, France, Europe
30,Data scientist,Full Time,Mid,Gothenburg,USD,40000, Sweden, Europe
31,Data scientist,Internship,Entry,Mountain View,USD,56000, United States, North America
32,Data scientist,Full Time,Executive,San Francisco,USD,130000, United States, North America
34,Data scientist,Full Time,Senior,San Jose,USD,68000, United States, North America
35,Data scientist,Full Time,Senior,Porto,USD,56000, Portugal, Europe
36,Data scientist,Internship,Entry,Mountain View,USD,56000, United States, North America
37,Data scientist,Full Time,Senior,Ontario,USD,68000, Canada, North America
38,Data scientist,Full Time,Senior,Brooklyn,USD,104000, United States, North America
40,Data scientist,Full Time,Mid,Sydney,USD,62000, Australia, Australia
41,Data scientist,Full Time,Senior,Remote- US,USD,150000, United States, North America
42,Data scientist,Full Time,Senior,Cambridge,USD,68000, United Kingdom, Europe
44,Data scientist,Full Time,Mid,La Libertad,USD,40000, Peru, South America
45,Data scientist,Full Time,Senior,San Francisco,USD,161000, United States, North America
47,Data scientist,Full Time,Senior,London,USD,68000, United Kingdom, Europe
48,Data scientist,Full Time,Senior,Lithuania | UK,USD,68000, United Kingdom, Europe
50,Data scientist,Full Time,Senior,Chicago,USD,68000, United States, North America
51,Data scientist,Full Time,Senior,Remote,USD,68000, United States, North America
52,Data scientist,Full Time,Senior,Remote- US,USD,150000, United States, North America
53,Data scientist,Full Time,Mid,United Kingdom - Remote,USD,40000, United Kingdom, Europe
55,Data scientist,Full Time,Senior,Santiago,USD,68000, Chile, South America
57,Data scientist,Full Time,Senior,Nairobi,USD,68000, Kenya, Africa
60,Data scientist,Full Time,Mid,Luxembourg,USD,40000, Luxembourg, Europe
61,Data scientist,Full Time,Senior,San Francisco OR Remote US Canada,USD,68000, United States, North America
62,Data scientist,Full Time,Senior,Paris,USD,68000, France, Europe
63,Data scientist,Full Time,Mid,Lyon,USD,40000, France, Europe
64,Data scientist,Full Time,Senior,Montreal,USD,56000, Canada, North America
65,Data scientist,Full Time,Senior,Remote,USD,68000, United States, North America
66,Data scientist,Full Time,Entry,Princeton,USD,74000, United States, North America
67,Data scientist,Full Time,Mid,California,USD,40000, United States, North America
68,Data scientist,Full Time,Senior,Athens,USD,68000, Greece, Europe
69,Data scientist,Internship,Senior,London,USD,56000, United Kingdom, Europe
70,Data scientist,Full Time,Entry,Charenton-Le-Pont,USD,36000, France, Europe
72,Data scientist,Full Time,Senior,San Francisco,USD,68000, United States, North America
73,Data scientist,Full Time,Senior,Aberdeen,USD,68000, United Kingdom, Europe
75,Data scientist,Full Time,Mid,Brampton,USD,40000, Canada, North America
78,Data scientist,Full Time,Senior,Salt Lake City,USD,68000, United States, North America
79,Data scientist,Full Time,Mid,Munich,USD,40000, Germany, Europe
80,Data scientist,Full Time,Mid,Oslo,USD,40000, Norway, Europe
81,Data scientist,Full Time,Senior,Basel,USD,68000, Switzerland, Europe
82,Data scientist,Full Time,Mid,Düsseldorf,USD,40000, Germany, Europe
83,Data scientist,Full Time,Entry,Paris,USD,36000, France, Europe
84,Data scientist,Full Time,Senior,Madrid,EUR,36000, Spain, Europe
85,Data scientist,Full Time,Mid,Austin,USD,40000, United States, North America
86,Data scientist,Full Time,Mid,Dallas,USD,40000, United States, North America
88,Data scientist,Full Time,Senior,Warsaw,USD,120000, Poland, Europe
89,Data scientist,Full Time,Mid,Houston,USD,40000, United States, North America
90,Data scientist,Full Time,Senior,Hyderabad,USD,68000, India, Asia
92,Data scientist,Full Time,Senior,Sofia,USD,68000, Bulgaria, Europe
93,Data scientist,Full Time,Senior,Boston,USD,110000, United States, North America
94,Data scientist,Full Time,Senior,Paris,USD,68000, France, Europe
95,Data scientist,Full Time,Senior,Zurich,USD,68000, Switzerland, Europe
96,Data scientist,Full Time,Senior,London,USD,68000, United Kingdom, Europe
97,Data scientist,Full Time,Senior,London,USD,68000, United Kingdom, Europe
98,Data scientist,Full Time,Senior,New York City,USD,81000, United States, North America
99,Data scientist,Full Time,Entry,Palaiseau,USD,36000, France, Europe
100,Data scientist,Full Time,Entry,Burnaby,USD,36000, Canada, North America
102,Data scientist,Full Time,Senior,Lisbon,USD,68000, Portugal, Europe
103,Data scientist,Full Time,Senior,Tel Aviv-Yafo,USD,68000, Israel, Asia
104,Data scientist,Full Time,Mid,United Kingdom - Remote,USD,40000, United Kingdom, Europe
105,Data scientist,Full Time,Senior,United States,USD,152000, United States, North America
106,Data scientist,Full Time,Mid,Toronto,USD,40000, Canada, North America
107,Data scientist,Full Time,Senior,Indianapolis,USD,68000, United States, North America
109,Data scientist,Full Time,Mid,Athens,USD,51000, Greece, Europe
111,Data scientist,Full Time,Mid,New York City,USD,40000, United States, North America
112,Data scientist,Full Time,Senior,New York,USD,95000, United States, North America
113,Data scientist,Full Time,Senior,London,USD,68000, United Kingdom, Europe
115,Data scientist,Full Time,Mid,Dayton,USD,40000, United States, North America
116,Data scientist,Full Time,Senior,Seoul,USD,68000, South Korea, Asia
117,Data scientist,Full Time,Entry,Glasgow,USD,36000, United Kingdom, Europe
118,Data scientist,Full Time,Mid,Emeryville,USD,135000, United States, North America
120,Data scientist,Full Time,Entry,Massy - France,USD,36000, France, Europe
121,Data scientist,Full Time,Senior,San Francisco,USD,68000, United States, North America
123,Data scientist,Full Time,Mid,Paris,EUR,50000, France, Europe
125,Data scientist,Full Time,Senior,Belo Horizonte,USD,68000, Brazil, South America
127,Data scientist,Full Time,Senior,Oakville,USD,68000, Canada, North America
130,Data scientist,Full Time,Senior,Midrand,USD,68000, South Africa, Africa
131,Data scientist,Full Time,Mid,Roppongi,USD,40000, Japan, Asia
132,Data scientist,Full Time,Senior,Solna,USD,68000, Sweden, Europe
133,Data scientist,Full Time,Senior,Santa Clara,USD,68000, United States, North America
134,Data scientist,Full Time,Mid,Emeryville,USD,120000, United States, North America
137,Data scientist,Full Time,Senior,Boston,USD,68000, United States, North America
139,Data scientist,Full Time,Entry,Calabasas,USD,120000, United States, North America
141,Data scientist,Full Time,Senior,Bangkok,USD,68000, Thailand, Asia
142,Data scientist,Full Time,Senior,London,USD,68000, United Kingdom, Europe
143,Data scientist,Full Time,Mid,Ahmedabad,USD,40000, India, Asia
144,Data scientist,Full Time,Senior,Lisbon,USD,68000, Portugal, Europe
145,Data scientist,Full Time,Entry,Roppongi,USD,56000, Japan, Asia
146,Data scientist,Full Time,Senior,Remote,USD,68000, United States, North America
147,Data scientist,Full Time,Senior,Brooklyn,USD,196000, United States, North America
148,Data scientist,Full Time,Senior,Dallas,USD,68000, United States, North America
149,Data scientist,Full Time,Senior,New York City,USD,125000, United States, North America
150,Data scientist,Full Time,Entry,Lisboa,USD,36000, Portugal, Europe
151,Data scientist,Full Time,Senior,Markham,USD,68000, Canada, North America
152,Data scientist,Full Time,Senior,Athina,USD,68000, Greece, Europe
153,Data scientist,Full Time,Mid,London,USD,40000, United Kingdom, Europe
154,Data scientist,Full Time,Mid,Berlin,USD,40000, Germany, Europe
155,Data scientist,Full Time,Senior,Chicago,USD,68000, United States, North America
156,Data scientist,Full Time,Entry,Norfolk,USD,36000, United States, North America
157,Data scientist,Full Time,Senior,Boston,USD,68000, United States, North America
158,Data scientist,Full Time,Senior,Remote (DC),USD,68000, United States, North America
159,Data scientist,Full Time,Senior,Bengaluru,USD,68000, India, Asia
160,Data scientist,Full Time,Senior,Tel Aviv-Yafo,USD,68000, Israel, Asia
161,Data scientist,Full Time,Mid,Houston,USD,40000, United States, North America
162,Data scientist,Full Time,Senior,Seattle,USD,68000, United States, North America
163,Data scientist,Full Time,Senior,Norfolk,USD,68000, United States, North America
164,Data scientist,Full Time,Senior,Belfast,USD,68000, United Kingdom, Europe
165,Data scientist,Full Time,Senior,Toronto,USD,68000, Canada, North America
166,Data scientist,Full Time,Mid,Toronto,USD,40000, Canada, North America
167,Data scientist,Full Time,Senior,Remote - United States,USD,68000, United States, North America
168,Data scientist,Full Time,Entry,Toronto,USD,36000, Canada, North America
169,Data scientist,Full Time,Senior,Tampa,USD,68000, United States, North America
170,Data scientist,Full Time,Senior,Berlin,USD,68000, Germany, Europe
171,Data scientist,Full Time,Mid,Düsseldorf,USD,40000, Germany, Europe
172,Data scientist,Full Time,Senior,Düsseldorf,USD,68000, Germany, Europe
174,Data scientist,Full Time,Entry,Amsterdam,USD,36000, Netherlands, Europe
175,Data scientist,Full Time,Senior,Amsterdam,USD,68000, Netherlands, Europe
177,Data scientist,Full Time,Mid,Munich,USD,40000, Germany, Europe
178,Data scientist,Full Time,Mid,Lyon,USD,51000, France, Europe
179,Data scientist,Full Time,Senior,Basel,USD,68000, Switzerland, Europe
180,Data scientist,Full Time,Mid,Oslo,USD,40000, Norway, Europe
181,Data scientist,Full Time,Senior,Longueuil,USD,68000, Canada, North America
182,Data scientist,Full Time,Senior,Glattbrugg,USD,56000, Switzerland, Europe
183,Data scientist,Full Time,Senior,New York City,USD,70000, United States, North America
184,Data scientist,Full Time,Senior,Atlanta,USD,120000, United States, North America
185,Data scientist,Full Time,Senior,Toronto,USD,68000, Canada, North America
186,Data scientist,Full Time,Mid,Barcelona,USD,40000, Spain, Europe
187,Data scientist,Full Time,Mid,London,USD,51000, United Kingdom, Europe
188,Data scientist,Full Time,Senior,Madrid,EUR,36000, Spain, Europe
189,Data scientist,Full Time,Mid,Abu Dhabi,USD,51000, United Arab Emirates, Asia
190,Data scientist,Full Time,Mid,Berlin,USD,40000, Germany, Europe
191,Data scientist,Full Time,Senior,Fort Bragg,USD,68000, United States, North America
192,Data scientist,Full Time,Senior,Remote - US,USD,68000, United States, North America
193,Data scientist,Full Time,Senior,San Francisco,USD,129000, United States, North America
194,Data scientist,Full Time,Mid,Singapore,USD,51000, Singapore, Asia
195,Data scientist,Full Time,Senior,Toronto,USD,68000, Canada, North America
197,Data scientist,Full Time,Senior,Berlin,USD,120000, Germany, Europe
198,Data scientist,Full Time,Mid,London,USD,40000, United Kingdom, Europe
199,Data scientist,Full Time,Mid,Brampton,USD,40000, Canada, North America
200,Data scientist,Full Time,Senior,UK,USD,68000, United Kingdom, Europe
201,Data scientist,Full Time,Senior,Aarhus,USD,68000, Denmark, Europe
203,Data scientist,Full Time,Senior,Canada,USD,68000, Canada, North America
205,Data scientist,Full Time,Mid,Remote,USD,115000, United States, North America
206,Data scientist,Full Time,Senior,Berlin,USD,120000, Germany, Europe
207,Data scientist,Full Time,Senior,Redwood City,USD,68000, United States, North America
208,Data scientist,Full Time,Senior,Berlin,USD,68000, Germany, Europe
209,Data scientist,Full Time,Mid,Paris,USD,40000, France, Europe
210,Data scientist,Full Time,Entry,Burnaby,USD,36000, Canada, North America
212,Data scientist,Full Time,Senior,Remote - United States,USD,56000, United States, North America
213,Data scientist,Full Time,Senior,Remote - US,USD,68000, United States, North America
215,Data scientist,Full Time,Senior,India,USD,68000, India, Asia
216,Data scientist,Full Time,Senior,Remote,USD,68000, United States, North America
217,Data scientist,Full Time,Senior,Heredia,USD,68000, Costa Rica, North America
218,Data scientist,Full Time,Senior,Jealott's Hill,USD,68000, United Kingdom, Europe
219,Data scientist,Full Time,Mid,Mountain View,USD,90000, United States, North America
220,Data scientist,Full Time,Senior,Miami - will also consider remote in …,USD,68000, United States, North America
221,Data scientist,Full Time,Senior,Porto,USD,68000, Portugal, Europe
222,Data scientist,Full Time,Senior,Tel Aviv,USD,68000, Israel, Asia
223,Data scientist,Full Time,Mid,West Jakarta,USD,40000, Indonesia, Asia
224,Data scientist,Internship,Entry,Paris,USD,36000, France, Europe
225,Data scientist,Full Time,Entry,Montreal,USD,36000, Canada, North America
226,Data scientist,Full Time,Mid,Berlin,EUR,58000, Germany, Europe
228,Data scientist,Internship,Mid,United States - Remote,USD,62000, United States, North America
231,Data scientist,Full Time,Senior,Toronto,USD,68000, Canada, North America
233,Data scientist,Full Time,Senior,Remote,USD,132000, United States, North America
234,Data scientist,Full Time,Entry,North Reading,USD,56000, United States, North America
236,Data scientist,Full Time,Senior,London,USD,68000, United Kingdom, Europe
237,Data scientist,Full Time,Entry,Sunnyvale,USD,36000, United States, North America
238,Data scientist,Full Time,Senior,London,USD,68000, United Kingdom, Europe
239,Data scientist,Full Time,Mid,Dallas,USD,40000, United States, North America
240,Data scientist,Full Time,Senior,Boston,USD,68000, United States, North America
241,Data scientist,Full Time,Mid,Suitland-Silver Hill,USD,51000, United States, North America
242,Data scientist,Full Time,Entry,Paris,USD,36000, France, Europe
243,Data scientist,Full Time,Senior,Chicago,USD,68000, United States, North America
244,Data scientist,Full Time,Senior,London,USD,68000, United Kingdom, Europe
245,Data scientist,Full Time,Senior,Hamburg,USD,68000, Germany, Europe
246,Data scientist,Full Time,Senior,Remote,USD,68000, United States, North America
247,Data scientist,Full Time,Senior,London,USD,68000, United Kingdom, Europe
248,Data scientist,Full Time,Mid,Bang Kapi District,USD,40000, Thailand, Asia
249,Data scientist,Full Time,Senior,London,USD,68000, United Kingdom, Europe
250,Data scientist,Full Time,Senior,Remote job,USD,68000, United States, North America
251,Data scientist,Full Time,Senior,Tel Aviv,USD,68000, Israel, Asia
252,Data scientist,Full Time,Senior,Remote job,USD,68000, United States, North America
253,Data scientist,Full Time,Senior,Amsterdam,USD,120000, Netherlands, Europe
254,Data scientist,Full Time,Mid,København,USD,40000, Denmark, Europe
255,Data scientist,Full Time,Senior,Cincinnati,USD,68000, United States, North America
256,Data scientist,Full Time,Senior,Dallas,USD,68000, United States, North America
257,Data scientist,Full Time,Senior,Singapore,USD,56000, Singapore, Asia
258,Data scientist,Full Time,Senior,Stockholm,USD,68000, Sweden, Europe
259,Data scientist,Full Time,Senior,Longueuil,USD,68000, Canada, North America
260,Data scientist,Full Time,Senior,Renningen,USD,56000, Germany, Europe
261,Data scientist,Full Time,Entry,Paris,USD,36000, France, Europe
262,Data scientist,Full Time,Entry,Paris,USD,36000, France, Europe
263,Data scientist,Full Time,Senior,New York City,USD,120000, United States, North America
264,Data scientist,Full Time,Senior,Berlin,USD,68000, Germany, Europe
265,Data scientist,Full Time,Senior,Atlanta,USD,68000, United States, North America
266,Data scientist,Full Time,Senior,Bangkok,USD,68000, Thailand, Asia
268,Data scientist,Full Time,Senior,Bangkok,USD,63000, Thailand, Asia
269,Data scientist,Full Time,Senior,USA (remote),USD,68000, United States, North America
270,Data scientist,Full Time,Senior,New York,USD,145000, United States, North America
271,Data scientist,Full Time,Senior,New York City - Boston,USD,68000, United States, North America
272,Data scientist,Full Time,Mid,New York City,USD,40000, United States, North America
273,Data scientist,Full Time,Mid,Bangkok,USD,51000, Thailand, Asia
274,Data scientist,Full Time,Mid,Brampton,USD,40000, Canada, North America
275,Data scientist,Full Time,Senior,Seattle,USD,56000, United States, North America
276,Data scientist,Full Time,Mid,Hong Kong,USD,40000, Hong Kong, Asia
277,Data scientist,Full Time,Senior,San Francisco,USD,129000, United States, North America
279,Data scientist,Full Time,Mid,Emeryville,USD,120000, United States, North America
281,Data scientist,Full Time,Entry,Berlin,USD,36000, Germany, Europe
282,Data scientist,Full Time,Senior,San Mateo,USD,68000, United States, North America
284,Data scientist,Full Time,Senior,Santa Clara,USD,68000, United States, North America
285,Data scientist,Full Time,Mid,Berlin,USD,40000, Germany, Europe
286,Data scientist,Full Time,Mid,Málaga,USD,40000, Spain, Europe
287,Data scientist,Full Time,Senior,Bangkok,USD,63000, Thailand, Asia
289,Data scientist,Full Time,Senior,Madrid,USD,68000, Spain, Europe
292,Data scientist,Full Time,Mid,France - Remote,USD,40000, France, Europe
293,Data scientist,Full Time,Senior,Herndon,USD,122000, United States, North America
295,Data scientist,Full Time,Senior,Madrid,EUR,36000, Spain, Europe
296,Data scientist,Full Time,Mid,Porto,USD,40000, Portugal, Europe
297,Data scientist,Full Time,Senior,Toronto,USD,120000, Canada, North America
299,Data scientist,Full Time,Mid,Brussels,USD,40000, Belgium, Europe
300,Data scientist,Full Time,Mid,Spain - Remote,USD,40000, Spain, Europe
301,Data scientist,Full Time,Senior,Helsinki,USD,68000, Finland, Europe
302,Data scientist,Full Time,Mid,Fort Belvoir,USD,40000, United States, North America
303,Data scientist,Internship,Senior,San Jose,USD,56000, United States, North America
305,Data scientist,Full Time,Mid,London,USD,40000, United Kingdom, Europe
307,Data scientist,Full Time,Senior,San Francisco,USD,68000, United States, North America
308,Data scientist,Full Time,Mid,Utrecht,USD,40000, Netherlands, Europe
309,Data scientist,Full Time,Mid,Ireland - Remote,USD,40000, Ireland, Europe
310,Data scientist,Full Time,Entry,Sunnyvale,USD,36000, United States, North America
311,Data scientist,Full Time,Mid,Dubai,USD,40000, United Arab Emirates, Asia
314,Data scientist,Internship,Senior,Asia,USD,68000, Asia, Asia
315,Data scientist,Full Time,Senior,Ann Arbor,USD,68000, United States, North America
317,Data scientist,Full Time,Senior,New York City; San Francisco,USD,107000, United States, North America
318,Data scientist,Full Time,Senior,Remote,USD,68000, Remote, Asia
319,Data scientist,Full Time,Senior,Washington DC - will also consider remote …,USD,68000, United States, North America
321,Data scientist,Full Time,Senior,Canada,USD,68000, Canada, North America
322,Data scientist,Full Time,Senior,Dubai,USD,68000, United Arab Emirates, Asia
324,Data scientist,Full Time,Mid,Warsaw,USD,40000, Poland, Europe
325,Data scientist,Full Time,Mid,Lüneburg,USD,40000, Germany, Europe
326,Data scientist,Full Time,Entry,Saint-Denis,USD,36000, France, Europe
327,Data scientist,Full Time,Mid,Cambridge,USD,30000, United Kingdom, Europe
328,Data scientist,Full Time,Mid,England,USD,40000, United Kingdom, Europe
329,Data scientist,Full Time,Senior,Bengaluru,USD,68000, India, Asia
331,Data scientist,Full Time,Senior,Baar,USD,68000, Switzerland, Europe
332,Data scientist,Full Time,Senior,Indianapolis,USD,68000, United States, North America
333,Data scientist,Full Time,Senior,Ottawa,USD,68000, Canada, North America
334,Data scientist,Full Time,Senior,Palo Alto,USD,56000, United States, North America
337,Data scientist,Full Time,Senior,Flexible,USD,68000,N/A,N/A
338,Data scientist,Full Time,Senior,Santiago de Querétaro,USD,68000, Mexico, North America
339,Data scientist,Full Time,Mid,London,USD,40000, United Kingdom, Europe
340,Data scientist,Full Time,Entry,Remote,USD,36000, Remote, Asia
341,Data scientist,Full Time,Senior,New York City,USD,81000, United States, North America
342,Data scientist,Full Time,Senior,Kraków,USD,68000, Poland, Europe
343,Data scientist,Full Time,Mid,United States - Remote,USD,40000, United States, North America
345,Data scientist,Internship,Entry,Paris,USD,36000, France, Europe
347,Data scientist,Full Time,Senior,Montreal,USD,68000, Canada, North America
348,Data scientist,Full Time,Mid,Roppongi,USD,62000, Japan, Asia
349,Data scientist,Full Time,Senior,Valencia,USD,68000, Spain, Europe
351,Data scientist,Full Time,Senior,Berlin,USD,68000, Germany, Europe
352,Data scientist,Full Time,Mid,San Diego,USD,40000, United States, North America
353,Data scientist,Full Time,Senior,Berlin,USD,68000, Germany, Europe
354,Data scientist,Full Time,Senior,Remote,USD,68000, Remote, Asia
356,Data scientist,Full Time,Mid,Arlington,USD,40000, United States, North America
357,Data scientist,Full Time,Senior,San Francisco,USD,129000, United States, North America
358,Data scientist,Full Time,Senior,Brooklyn,USD,184000, United States, North America
359,Data scientist,Full Time,Mid,Milan,USD,40000, Italy, Europe
360,Data scientist,Full Time,Mid,Toronto,USD,40000, Canada, North America
361,Data scientist,Internship,Mid,Bengaluru,USD,62000, India, Asia
362,Data scientist,Full Time,Senior,Enkhuizen,USD,68000, Netherlands, Europe
363,Data scientist,Full Time,Senior,Berlin,USD,68000, Germany, Europe
364,Data scientist,Full Time,Senior,Barcelona,USD,68000, Spain, Europe
365,Data scientist,Full Time,Senior,Brooklyn,USD,104000, United States, North America
366,Data scientist,Full Time,Senior,Berlin,USD,68000, Germany, Europe
367,Data scientist,Full Time,Senior,Madrid,USD,56000, Spain, Europe
368,Data scientist,Full Time,Entry,Vienna,USD,36000, Austria, Europe
369,Data scientist,Full Time,Senior,Brooklyn,USD,130000, United States, North America
370,Data scientist,Full Time,Mid,Spain - Remote,USD,40000, Spain, Europe
371,Data scientist,Full Time,Mid,Dallas,USD,40000, United States, North America
372,Data scientist,Full Time,Senior,Mountain View,USD,68000, United States, North America
373,Data scientist,Full Time,Senior,Seattle,USD,68000, United States, North America
374,Data scientist,Full Time,Mid,Bordeaux,USD,40000, France, Europe
375,Data scientist,Full Time,Senior,Tel Aviv-Yafo,USD,68000, Israel, Asia
376,Data scientist,Full Time,Mid,Roppongi,USD,62000, Japan, Asia
377,Data scientist,Full Time,Senior,Warsaw,USD,68000, Poland, Europe
379,Data scientist,Full Time,Senior,Irving,USD,68000, United States, North America
381,Data scientist,Full Time,Senior,Warsaw,USD,56000, Poland, Europe
382,Data scientist,Full Time,Mid,Chelmsford,USD,87000, United States, North America
383,Data scientist,Full Time,Mid,Paris,USD,40000, France, Europe
384,Data scientist,Full Time,Senior,Dallas,USD,68000, United States, North America
385,Data scientist,Internship,Senior,Chicago,USD,68000, United States, North America
386,Data scientist,Full Time,Senior,Mountain View,USD,56000, United States, North America
387,Data scientist,Full Time,Senior,Berlin,USD,68000, Germany, Europe
388,Data scientist,Internship,Senior,United States,USD,68000, United States, North America
389,Data scientist,Full Time,Senior,Palo Alto,USD,68000, United States, North America
391,Data scientist,Full Time,Mid,Malmö,USD,40000, Sweden, Europe
392,Data scientist,Full Time,Mid,Bengaluru,USD,38000, India, Asia
393,Data scientist,Full Time,Mid,London,USD,38000, United Kingdom, Europe
394,Data scientist,Full Time,Senior,Hyderabad,USD,68000, India, Asia
395,Data scientist,Full Time,Senior,Bengaluru,USD,68000, India, Asia
397,Data scientist,Full Time,Senior,Berlin,USD,68000, Germany, Europe
398,Data scientist,Full Time,Senior,San Francisco,USD,68000, United States, North America
401,Data scientist,Full Time,Senior,Cape Town,USD,68000, South Africa, Africa
402,Data scientist,Full Time,Senior,London,USD,68000, United Kingdom, Europe
405,Data scientist,Full Time,Entry,Belgrade,USD,36000, Serbia, Europe
407,Data scientist,Full Time,Senior,Chantilly,USD,68000, United States, North America
408,Data scientist,Full Time,Senior,Irving,USD,68000, United States, North America
410,Data scientist,Full Time,Senior,Brooklyn,USD,196000, United States, North America
411,Data scientist,Full Time,Mid,Málaga,USD,38000, Spain, Europe
412,Data scientist,Full Time,Senior,Brooklyn,USD,184000, United States, North America
413,Data scientist,Full Time,Mid,Bühl,USD,38000, Germany, Europe
415,Data scientist,Full Time,Senior,Mountain View,USD,68000, United States, North America
416,Data scientist,Full Time,Senior,Remote or San Francisco HQ,USD,196000, United States, North America
417,Data scientist,Full Time,Senior,Oakville,USD,68000, Canada, North America
418,Data scientist,Full Time,Senior,Chennai,USD,68000, India, Asia
419,Data scientist,Full Time,Mid,Houston,USD,38000, United States, North America
420,Data scientist,Full Time,Senior,New York City,USD,68000, United States, North America
421,Data scientist,Full Time,Senior,Remote (within United States),USD,68000, United States, North America
422,Data scientist,Full Time,Senior,Los Gatos,USD,56000, United States, North America
423,Data scientist,Full Time,Mid,Houston,USD,38000, United States, North America
424,Data scientist,Full Time,Senior,Boston,USD,127000, United States, North America
425,Data scientist,Full Time,Senior,Jealott's Hill,USD,56000, United Kingdom, Europe
426,Data scientist,Full Time,Mid,Greenville,USD,38000, United States, North America
427,Data scientist,Full Time,Senior,San Jose,USD,56000, United States, North America
428,Data scientist,Full Time,Senior,San Diego,USD,68000, United States, North America
429,Data scientist,Full Time,Mid,Austin,USD,38000, United States, North America
432,Data scientist,Full Time,Senior,Seoul,USD,68000, South Korea, Asia
433,Data scientist,Full Time,Senior,San Francisco,USD,68000, United States, North America
436,Data scientist,Full Time,Mid,Lüneburg,USD,38000, Germany, Europe
440,Data scientist,Full Time,Senior,London,USD,68000, United Kingdom, Europe
441,Data scientist,Full Time,Senior,Brooklyn,USD,184000, United States, North America
442,Data scientist,Full Time,Senior,San Francisco,USD,129000, United States, North America
443,Data scientist,Full Time,Senior,Austin,USD,68000, United States, North America
444,Data scientist,Full Time,Senior,Madrid,EUR,36000, Spain, Europe
445,Data scientist,Full Time,Senior,Berlin,USD,68000, Germany, Europe
446,Data scientist,Full Time,Entry,Saint-Denis,USD,36000, France, Europe
448,Data scientist,Full Time,Senior,Philadelphia,USD,129000, United States, North America
449,Data scientist,Full Time,Senior,Morrisville,USD,185000, United States, North America
450,Data scientist,Full Time,Senior,U.S. Remote,USD,68000, United States, North America
452,Data scientist,Full Time,Senior,Sunnyvale,USD,56000, United States, North America
453,Data scientist,Full Time,Senior,San Francisco,USD,68000, United States, North America
454,Data scientist,Full Time,Entry,Arlington,USD,36000, United States, North America
455,Data scientist,Full Time,Senior,Lexington,USD,68000, United States, North America
456,Data scientist,Full Time,Senior,Sunnyvale,USD,56000, United States, North America
457,Data scientist,Full Time,Senior,London,USD,68000, United Kingdom, Europe
459,Data scientist,Full Time,Senior,Remote (California),USD,135000, United States, North America
460,Data scientist,Full Time,Mid,Düsseldorf,USD,38000, Germany, Europe
463,Data scientist,Full Time,Senior,United States,USD,93000, United States, North America
464,Data scientist,Full Time,Mid,Homestead,USD,38000, United States, North America
465,Data scientist,Full Time,Entry,Bourdeaux,USD,36000, France, Europe
467,Data scientist,Full Time,Senior,Boston,USD,129000, United States, North America
469,Data scientist,Full Time,Senior,London,USD,68000, United Kingdom, Europe
470,Data scientist,Full Time,Senior,Bangkok,USD,46000, Thailand, Asia
471,Data scientist,Internship,Entry,Santa Clara,USD,36000, United States, North America
472,Data scientist,Full Time,Senior,Santa Clara,USD,68000, United States, North America
473,Data scientist,Full Time,Mid,London,USD,38000, United Kingdom, Europe
475,Data scientist,Full Time,Senior,Taipei,USD,68000, Taiwan, Asia
476,Data scientist,Full Time,Senior,Paris or Remote from France,USD,68000, France, Europe
477,Data scientist,Full Time,Mid,Berlin,USD,38000, Germany, Europe
478,Data scientist,Full Time,Senior,Palo Alto,USD,56000, United States, North America
479,Data scientist,Full Time,Senior,San Francisco,USD,156000, United States, North America
480,Data scientist,Full Time,Senior,Dallas,USD,68000, United States, North America
481,Data scientist,Full Time,Senior,Helsinki,USD,68000, Finland, Europe
482,Data scientist,Full Time,Mid,Munich,USD,38000, Germany, Europe
483,Data scientist,Full Time,Senior,San Francisco,USD,129000, United States, North America
484,Data scientist,Full Time,Senior,Denver,USD,134000, United States, North America
489,Data scientist,Full Time,Senior,San Francisco,USD,172000, United States, North America
490,Data scientist,Full Time,Mid,Poznań,USD,38000, Poland, Europe
491,Data scientist,Full Time,Senior,Bangkok,USD,46000, Thailand, Asia
493,Data scientist,Full Time,Mid,United Kingdom - Remote,USD,38000, United Kingdom, Europe
494,Data scientist,Full Time,Mid,Bangkok,USD,51000, Thailand, Asia
496,Data scientist,Full Time,Senior,Bengaluru,USD,68000, India, Asia
497,Data scientist,Full Time,Mid,South Jakarta,USD,38000, Indonesia, Asia
500,Data analyst,Full Time,Senior,Copenhagen,USD,62000, Denmark, Europe
501,Data analyst,Full Time,Mid,Cluj,USD,51000, Romania, Europe
503,Data analyst,Full Time,Senior,Stuttgart,USD,62000, Germany, Europe
504,Data analyst,Full Time,Mid,Papendrecht,USD,51000, Netherlands, Europe
506,Data analyst,Full Time,Senior,Berlin,USD,63000, Germany, Europe
507,Data analyst,Full Time,Entry,Sarasota,USD,48000, United States, North America
509,Data analyst,Full Time,Senior,Jakarta,USD,63000, Indonesia, Asia
510,Data analyst,Full Time,Senior,Chicago,USD,63000, United States, North America
512,Data analyst,Full Time,Senior,Lexington,USD,63000, United States, North America
513,Data analyst,Full Time,Senior,Remote job,USD,63000, United States, North America
514,Data analyst,Full Time,Mid,Barcelona,USD,51000, Spain, Europe
515,Data analyst,Full Time,Mid,Bogotá,USD,45000, Colombia, South America
518,Data analyst,Full Time,Senior,United States,USD,76000, United States, North America
519,Data analyst,Full Time,Mid,Bracknell,USD,51000, United Kingdom, Europe
521,Data analyst,Full Time,Senior,San Francisco,USD,140000, United States, North America
522,Data analyst,Full Time,Entry,London,USD,30000, United Kingdom, Europe
523,Data analyst,Full Time,Senior,Remote,USD,63000, United States, North America
524,Data analyst,Full Time,Entry,Sandton,USD,30000, South Africa, Africa
525,Data analyst,Full Time,Entry,Houston,USD,30000, United States, North America
526,Data analyst,Full Time,Senior,Dublin,USD,62000, Ireland, Europe
527,Data analyst,Full Time,Mid,Bengaluru,USD,51000, India, Asia
529,Data analyst,Full Time,Senior,Washington,USD,81000, United States, North America
531,Data analyst,Full Time,Entry,Boston,USD,30000, United States, North America
532,Data analyst,Full Time,Senior,Atlanta,USD,110000, United States, North America
533,Data analyst,Full Time,Entry,Bogota,USD,30000, Colombia, South America
535,Data analyst,Full Time,Senior,London,USD,63000, United Kingdom, Europe
536,Data analyst,Full Time,Mid,Boulogne-Billancourt,USD,51000, France, Europe
537,Data analyst,Full Time,Senior,Madrid,EUR,38000, Spain, Europe
539,Data analyst,Full Time,Executive,Kampala,USD,46000, Uganda, Africa
540,Data analyst,Full Time,Mid,London,GBP,45000, United Kingdom, Europe
543,Data analyst,Full Time,Senior,Boston,USD,63000, United States, North America
544,Data analyst,Full Time,Senior,Remote,USD,123000, United States, North America
547,Data analyst,Full Time,Senior,Somerville,USD,63000, United States, North America
549,Data analyst,Full Time,Senior,Kirkland,USD,63000, United States, North America
550,Data analyst,Full Time,Senior,Boston - Remote,USD,63000, United States, North America
551,Data analyst,Full Time,Senior,Munich,USD,62000, Germany, Europe
553,Data analyst,Full Time,Executive,Remote,USD,141000, United States, North America
555,Data analyst,Full Time,Senior,London,USD,63000, United Kingdom, Europe
557,Data analyst,Internship,Senior,Tampa,USD,63000, United States, North America
561,Data analyst,Full Time,Senior,Washington,USD,81000, United States, North America
562,Data analyst,Full Time,Mid,Riga,USD,51000, Latvia, Europe
564,Data analyst,Full Time,Entry,Mexico City,USD,30000, Mexico, North America
566,Data analyst,Full Time,Senior,East Windsor,USD,63000, United States, North America
567,Data analyst,Full Time,Senior,Remote- US,USD,100000, United States, North America
568,Data analyst,Full Time,Senior,Remote,USD,127000, United States, North America
569,Data analyst,Full Time,Senior,Brooklyn,USD,104000, United States, North America
570,Data analyst,Full Time,Senior,West Palm Beach,USD,63000, United States, North America
572,Data analyst,Full Time,Mid,Monterrey,USD,51000, Mexico, North America
574,Data analyst,Full Time,Senior,Remote- US,USD,225000, United States, North America
575,Data analyst,Full Time,Entry,Stuttgart,USD,30000, Germany, Europe
579,Data analyst,Full Time,Senior,Medellín,USD,63000, Colombia, South America
580,Data analyst,Full Time,Senior,Berlin,USD,63000, Germany, Europe
581,Data analyst,Full Time,Senior,Campinas,USD,63000, Brazil, South America
584,Data analyst,Full Time,Mid,London,USD,51000, United Kingdom, Europe
585,Data analyst,Full Time,Mid,Charlotte,USD,51000, United States, North America
586,Data analyst,Full Time,Senior,Campinas,USD,63000, Brazil, South America
589,Data analyst,Full Time,Senior,Tel-Aviv,USD,63000, Israel, Asia
590,Data analyst,Full Time,Mid,Cape Town,USD,51000, South Africa, Africa
591,Data analyst,Full Time,Senior,San Francisco,USD,104000, United States, North America
592,Data analyst,Full Time,Senior,Brazil - Remote,USD,63000, Brazil, South America
593,Data analyst,Full Time,Mid,Newbury,GBP,45000, United Kingdom, Europe
596,Data analyst,Full Time,Entry,Boulogne-Billancourt,USD,30000, France, Europe
598,Data analyst,Full Time,Senior,Brazil,USD,63000, Brazil, South America
600,Data analyst,Full Time,Entry,Paris or Remote from France,USD,30000, France, Europe
603,Data analyst,Full Time,Senior,Remote job,USD,63000, United States, North America
604,Data analyst,Full Time,Mid,Brussels,USD,51000, Belgium, Europe
606,Data analyst,Full Time,Mid,Stanford,USD,51000, United States, North America
608,Data analyst,Full Time,Mid,Sector 62,USD,51000, India, Asia
609,Data analyst,Full Time,Senior,Mount Laurel Township,USD,63000, United States, North America
610,Data analyst,Full Time,Senior,Manila,USD,63000, Philippines, Asia
611,Data analyst,Full Time,Senior,Bangkok,USD,63000, Thailand, Asia
612,Data analyst,Full Time,Senior,United States,USD,63000, United States, North America
613,Data analyst,Full Time,Senior,Stuttgart,USD,63000, Germany, Europe
615,Data analyst,Full Time,Mid,Denver,USD,51000, United States, North America
616,Data analyst,Full Time,Senior,London,USD,63000, United Kingdom, Europe
619,Data analyst,Full Time,Senior,Sydney,USD,63000, Australia, Oceania
620,Data analyst,Full Time,Entry,Barcelona,USD,30000, Spain, Europe
622,Data analyst,Full Time,Entry,Katowice,USD,30000, Poland, Europe
625,Data analyst,Full Time,Senior,Montreal,USD,63000, Canada, North America
627,Data analyst,Full Time,Mid,London,USD,51000, United Kingdom, Europe
628,Data analyst,Full Time,Senior,Remote job,USD,63000, United States, North America
629,Data analyst,Full Time,Senior,East Windsor,USD,63000, United States, North America
631,Data analyst,Full Time,Senior,São Paulo,USD,76000, Brazil, South America
632,Data analyst,Full Time,Senior,Iași,USD,63000, Romania, Europe
633,Data analyst,Full Time,Senior,Chantilly,USD,119000, United States, North America
635,Data analyst,Full Time,Senior,Makati,USD,63000, Philippines, Asia
636,Data analyst,Full Time,Senior,Remote - United States,USD,63000, United States, North America
637,Data analyst,Full Time,Entry,Stuttgart,USD,30000, Germany, Europe
638,Data analyst,Full Time,Senior,Remote - United States,USD,63000, United States, North America
639,Data analyst,Full Time,Senior,London,USD,63000, United Kingdom, Europe
640,Data analyst,Full Time,Senior,Raleigh,USD,63000, United States, North America
641,Data analyst,Full Time,Senior,Charenton-Le-Pont,USD,63000, France, Europe
642,Data analyst,Full Time,Mid,London,USD,51000, United Kingdom, Europe
643,Data analyst,Full Time,Senior,Barcelona,USD,63000, Spain, Europe
645,Data analyst,Full Time,Mid,Brampton,USD,51000, Canada, North America
646,Data analyst,Full Time,Executive,Chennai,USD,46000, India, Asia
648,Data analyst,Full Time,Senior,Chennai,USD,63000, India, Asia
649,Data analyst,Full Time,Senior,UK,USD,63000, United Kingdom, Europe
652,Data analyst,Full Time,Mid,Colorado Springs,USD,100000, United States, North America
655,Data analyst,Full Time,Entry,Porto,USD,30000, Portugal, Europe
660,Data analyst,Full Time,Senior,New York City,USD,95000, United States, North America
662,Data analyst,Internship,Senior,Paris,USD,63000, France, Europe
663,Data analyst,Full Time,Entry,Overland Park,USD,30000, United States, North America
665,Data analyst,Full Time,Mid,London,USD,51000, United Kingdom, Europe
667,Data analyst,Full Time,Senior,Washington,USD,81000, United States, North America
668,Data analyst,Full Time,Mid,Seattle,USD,51000, United States, North America
669,Data analyst,Full Time,Senior,Hamburg,USD,63000, Germany, Europe
670,Data analyst,Full Time,Entry,Pyrmont,USD,30000, Australia, Oceania
671,Data analyst,Full Time,Mid,Philadelphia,USD,51000, United States, North America
676,Data analyst,Full Time,Senior,Helsinki,USD,63000, Finland, Europe
677,Data analyst,Full Time,Senior,Richardson,USD,63000, United States, North America
678,Data analyst,Full Time,Entry,Downers Grove,USD,30000, United States, North America
680,Data analyst,Full Time,Mid,Chicago,USD,51000, United States, North America
683,Data analyst,Full Time,Senior,Pittsburgh,USD,63000, United States, North America
688,Data analyst,Full Time,Senior,United States,USD,152000, United States, North America
689,Data analyst,Full Time,Executive,Remote,USD,41000, United States, North America
692,Data analyst,Full Time,Senior,Tel Aviv,USD,63000, Israel, Asia
697,Data analyst,Full Time,Mid,Athens,USD,51000, Greece, Europe
698,Data analyst,Full Time,Mid,Bengaluru,USD,51000, India, Asia
699,Data analyst,Full Time,Mid,New York City,USD,40000, United States, North America
702,Data analyst,Full Time,Senior,United States,USD,125000, United States, North America
705,Data analyst,Full Time,Senior,Wilmington,USD,63000, United States, North America
707,Data analyst,Full Time,Senior,Indianapolis,USD,55000, United States, North America
708,Data analyst,Full Time,Mid,Arlington,USD,51000, United States, North America
709,Data analyst,Full Time,Entry,High Wycombe,USD,30000, United Kingdom, Europe
711,Data analyst,Full Time,Senior,Singapore,USD,63000, Singapore, Asia
712,Data analyst,Full Time,Mid,Paris,USD,51000, France, Europe
713,Data analyst,Full Time,Mid,United Kingdom - Remote,USD,51000, United Kingdom, Europe
714,Data analyst,Full Time,Senior,Berlin,USD,94000, Germany, Europe
715,Data analyst,Full Time,Entry,Lyon,USD,30000, France, Europe
717,Data analyst,Full Time,Entry,Heredia,USD,30000, Costa Rica, North America
720,Data analyst,Full Time,Entry,Downers Grove,USD,30000, United States, North America
721,Data analyst,Full Time,Mid,Monterrey,USD,51000, Mexico, North America
722,Data analyst,Full Time,Senior,Remote,USD,70000, United States, North America
724,Data analyst,Full Time,Senior,Remote,USD,140000, United States, North America
726,Data analyst,Full Time,Mid,Roppongi,USD,51000, Japan, Asia
728,Data analyst,Full Time,Senior,London,USD,63000, United Kingdom, Europe
729,Data analyst,Full Time,Entry,Milan,USD,30000, Italy, Europe
730,Data analyst,Full Time,Senior,Porto,USD,63000, Portugal, Europe
731,Data analyst,Full Time,Senior,United States,USD,63000, United States, North America
732,Data analyst,Full Time,Senior,Campinas,USD,63000, Brazil, South America
733,Data analyst,Full Time,Mid,Munich,USD,51000, Germany, Europe
735,Data analyst,Full Time,Mid,Pune,USD,51000, India, Asia
736,Data analyst,Full Time,Mid,London,USD,51000, United Kingdom, Europe
737,Data analyst,Full Time,Senior,North Macedonia,USD,63000, North Macedonia, Europe
740,Data analyst,Full Time,Entry,Carquefou,USD,30000, France, Europe
741,Data analyst,Full Time,Senior,Bangkok,USD,68000, Thailand, Asia
743,Data analyst,Full Time,Mid,Chiasso,USD,51000, Switzerland, Europe
744,Data analyst,Full Time,Senior,Seattle,USD,63000, United States, North America
747,Data analyst,Full Time,Senior,Seoul,USD,63000, South Korea, Asia
748,Data analyst,Full Time,Entry,Bucharest,USD,30000, Romania, Europe
749,Data analyst,Full Time,Mid,United Kingdom - Remote,USD,51000, United Kingdom, Europe
750,Data analyst,Full Time,Mid,Angeles,USD,51000, Philippines, Asia
753,Data analyst,Internship,Entry,Singapore,USD,30000, Singapore, Asia
754,Data analyst,Full Time,Senior,Palta Cyprus,USD,63000, Cyprus, Europe
755,Data analyst,Full Time,Senior,Remote - United States,USD,63000, United States, North America
758,Data analyst,Full Time,Entry,Muntinlupa,USD,30000, Philippines, Asia
760,Data analyst,Internship,Entry,Lausanne,USD,30000, Switzerland, Europe
762,Data analyst,Full Time,Senior,Remote,USD,63000, United States, North America
763,Data analyst,Full Time,Senior,Remote - United States,USD,89000, United States, North America
765,Data analyst,Full Time,Mid,Europe,USD,51000, Europe, Europe
766,Data analyst,Full Time,Entry,Cape Town,USD,30000, South Africa, Africa
770,Data analyst,Full Time,Senior,Seattle,USD,68000, United States, North America
771,Data analyst,Full Time,Entry,Buenos Aires,USD,30000, Argentina, South America
773,Data analyst,Full Time,Executive,Bengaluru,USD,41000, India, Asia
774,Data analyst,Full Time,Senior,Iași,USD,63000, Romania, Europe
775,Data analyst,Full Time,Mid,Toronto,USD,40000, Canada, North America
777,Data analyst,Full Time,Mid,Kingston,USD,51000, Jamaica, North America
778,Data analyst,Full Time,Senior,Barcelona,USD,63000, Spain, Europe
779,Data analyst,Full Time,Mid,Lyon,USD,51000, France, Europe
780,Data analyst,Full Time,Entry,Paris,USD,30000, France, Europe
781,Data analyst,Full Time,Entry,Austin,USD,30000, United States, North America
784,Data analyst,Full Time,Senior,London,USD,63000, United Kingdom, Europe
786,Data analyst,Full Time,Senior,Berlin,USD,63000, Germany, Europe
787,Data analyst,Full Time,Senior,Nanterre,USD,63000, France, Europe
788,Data analyst,Full Time,Senior,Remote - US; Remote - Canada,USD,101000, United States, North America
792,Data analyst,Full Time,Mid,London,USD,51000, United Kingdom, Europe
793,Data analyst,Full Time,Mid,Ciudad de México,USD,51000, Mexico, North America
795,Data analyst,Full Time,Mid,London,USD,51000, United Kingdom, Europe
797,Data analyst,Full Time,Senior,Philadelphia,USD,63000, United States, North America
800,Data analyst,Full Time,Mid,Abu Dhabi,USD,51000, United Arab Emirates, Asia
803,Data analyst,Full Time,Senior,Atlanta,USD,63000, United States, North America
804,Data analyst,Full Time,Senior,Hanoi,USD,63000, Vietnam, Asia
805,Data analyst,Full Time,Senior,Amsterdam,USD,63000, Netherlands, Europe
806,Data analyst,Full Time,Mid,Colorado Springs,USD,100000, United States, North America
808,Data analyst,Full Time,Senior,Los Angeles,USD,63000, United States, North America
809,Data analyst,Full Time,Mid,Singapore,USD,51000, Singapore, Asia
810,Data analyst,Full Time,Senior,Makati,USD,76000, Philippines, Asia
811,Data analyst,Full Time,Entry,Paris,USD,30000, France, Europe
813,Data analyst,Full Time,Senior,Remote,USD,76000, United States, North America
814,Data analyst,Full Time,Senior,Arlington,USD,90000, United States, North America
815,Data analyst,Full Time,Senior,New York City,USD,70000, United States, North America
816,Data analyst,Full Time,Senior,Remote US,USD,63000, United States, North America
817,Data analyst,Full Time,Senior,Montreal,USD,63000, Canada, North America
818,Data analyst,Full Time,Mid,Minato City,USD,51000, Japan, Asia
819,Data analyst,Full Time,Mid,Brampton,USD,51000, Canada, North America
820,Data analyst,Full Time,Entry,Berchem,USD,30000, Belgium, Europe
821,Data analyst,Full Time,Mid,Remote,USD,115000, United States, North America
822,Data analyst,Full Time,Mid,Barcelona,USD,51000, Spain, Europe
824,Data analyst,Full Time,Senior,London,GBP,57000, United Kingdom, Europe
825,Data analyst,Full Time,Senior,Minneapolis,USD,96000, United States, North America
826,Data analyst,Full Time,Mid,Paris,USD,40000, France, Europe
827,Data analyst,Full Time,Senior,Englewood Cliffs,USD,70000, United States, North America
829,Data analyst,Full Time,Senior,San Francisco,USD,110000, United States, North America
830,Data analyst,Full Time,Entry,Tunis,USD,30000, Tunisia, Africa
831,Data analyst,Full Time,Mid,New York City,USD,124000, United States, North America
835,Data analyst,Full Time,Senior,Bengaluru,USD,63000, India, Asia
838,Data analyst,Full Time,Mid,Reno,USD,51000, United States, North America
840,Data analyst,Full Time,Mid,Paris,USD,51000, France, Europe
841,Data analyst,Full Time,Mid,Bengaluru,USD,51000, India, Asia
844,Data analyst,Full Time,Senior,Mexico City,USD,63000, Mexico, North America
847,Data analyst,Full Time,Entry,Hamburg,USD,30000, Germany, Europe
849,Data analyst,Full Time,Senior,India - Bengaluru,USD,63000, India, Asia
850,Data analyst,Full Time,Mid,Brazil - Remote,USD,51000, Brazil, South America
852,Data analyst,Full Time,Senior,New York,USD,70000, United States, North America
853,Data analyst,Full Time,Senior,Nottingham,USD,63000, United Kingdom, Europe
854,Data analyst,Full Time,Senior,Malaysia - Kuala Lumpur,USD,63000, Malaysia, Asia
855,Data analyst,Full Time,Entry,Heredia,USD,30000, Costa Rica, North America
856,Data analyst,Full Time,Mid,United States - Remote,USD,51000, United States, North America
857,Data analyst,Full Time,Senior,East Windsor,USD,63000, United States, North America
862,Data analyst,Full Time,Mid,Reigate,USD,51000, United Kingdom, Europe
865,Data analyst,Full Time,Executive,Hyderabad,USD,46000, India, Asia
866,Data analyst,Full Time,Senior,Paris,USD,63000, France, Europe
867,Data analyst,Full Time,Entry,West Point,USD,30000, United States, North America
868,Data analyst,Internship,Senior,Casa Grande,USD,63000, United States, North America
870,Data analyst,Full Time,Senior,Milan,USD,63000, Italy, Europe
872,Data analyst,Full Time,Senior,Paris,USD,63000, France, Europe
875,Data analyst,Full Time,Senior,Montreal,USD,63000, Canada, North America
879,Data analyst,Full Time,Senior,Stevenage,USD,63000, United Kingdom, Europe
881,Data analyst,Full Time,Senior,Miami - will also consider remote in …,USD,63000, United States, North America
882,Data analyst,Full Time,Mid,London,USD,51000, United Kingdom, Europe
883,Data analyst,Full Time,Mid,Suitland-Silver Hill,USD,51000, United States, North America
884,Data analyst,Full Time,Mid,Boulder,USD,160000, United States, North America
886,Data analyst,Full Time,Senior,Atlanta,USD,63000, United States, North America
887,Data analyst,Full Time,Mid,Newcastle upon Tyne,USD,51000, United Kingdom, Europe
888,Data analyst,Full Time,Mid,Boulder,USD,109000, United States, North America
889,Data analyst,Internship,Senior,Omaha,USD,63000, United States, North America
891,Data analyst,Full Time,Senior,Hamburg,USD,68000, Germany, Europe
893,Data analyst,Full Time,Entry,Lyon,USD,30000, France, Europe
895,Data analyst,Full Time,Entry,Mumbai,USD,30000, India, Asia
896,Data analyst,Full Time,Senior,Remote,USD,63000, United States, North America
897,Data analyst,Full Time,Senior,Stamford,USD,100000, United States, North America
898,Data analyst,Full Time,Senior,London,USD,63000, United Kingdom, Europe
900,Data analyst,Full Time,Mid,Cork,USD,51000, Ireland, Europe
901,Data analyst,Full Time,Entry,Singapore,USD,30000, Singapore, Asia
902,Data analyst,Full Time,Senior,Sydney,USD,63000, Australia, Asia
903,Data analyst,Full Time,Entry,Bukit Jalil,USD,30000, Malaysia, Asia
905,Data analyst,Full Time,Senior,São Paulo,USD,63000, Brazil, South America
906,Data analyst,Full Time,Mid,Athens,USD,51000, Greece, Europe
907,Data analyst,Full Time,Entry,Lille,USD,30000, France, Europe
908,Data analyst,Full Time,Senior,London,USD,68000, United Kingdom, Europe
912,Data analyst,Full Time,Mid,Colorado Springs,USD,100000, United States, North America
914,Data analyst,Full Time,Mid,Monterrey,USD,51000, Mexico, North America
915,Data analyst,Full Time,Senior,Stockholm,USD,63000, Sweden, Europe
918,Data analyst,Full Time,Senior,London,USD,63000, United Kingdom, Europe
919,Data analyst,Full Time,Senior,Bucharest,USD,63000, Romania, Europe
920,Data analyst,Full Time,Entry,Milwaukee,USD,30000, United States, North America
922,Data analyst,Full Time,Senior,São Paulo,USD,63000, Brazil, South America
923,Data analyst,Full Time,Senior,Nanterre,USD,63000, France, Europe
924,Data analyst,Full Time,Senior,Barcelona,USD,63000, Spain, Europe
926,Data analyst,Full Time,Senior,East Windsor,USD,63000, United States, North America
927,Data analyst,Full Time,Senior,Heredia,USD,63000, Costa Rica, North America
928,Data analyst,Full Time,Entry,Saint-Herblain,USD,30000, France, Europe
929,Data analyst,Full Time,Senior,Santa Clara,USD,130000, United States, North America
930,Data analyst,Full Time,Mid,Arlington,USD,51000, United States, North America
931,Data analyst,Full Time,Entry,Oslo,USD,30000, Norway, Europe
933,Data analyst,Full Time,Senior,Canada,USD,63000, Canada, North America
934,Data analyst,Full Time,Senior,United States,USD,63000, United States, North America
936,Data analyst,Full Time,Entry,London,USD,30000, United Kingdom, Europe
938,Data analyst,Full Time,Senior,Paris,USD,63000, France, Europe
939,Data analyst,Full Time,Mid,Paris,USD,51000, France, Europe
940,Data analyst,Full Time,Mid,Washington,USD,84000, United States, North America
941,Data analyst,Full Time,Senior,Santa Clara,USD,130000, United States, North America
942,Data analyst,Full Time,Mid,Warsaw,USD,51000, Poland, Europe
946,Data analyst,Full Time,Entry,Paris,USD,30000, France, Europe
947,Data analyst,Full Time,Mid,Bengaluru,USD,51000, India, Asia
948,Data analyst,Full Time,Senior,Liverpool,USD,63000, United Kingdom, Europe
951,Data analyst,Full Time,Mid,Singapore,USD,51000, Singapore, Asia
952,Data analyst,Full Time,Senior,Jakarta,USD,63000, Indonesia, Asia
953,Data analyst,Full Time,Senior,São Paulo,USD,63000, Brazil, South America
954,Data analyst,Full Time,Entry,London,USD,30000, United Kingdom, Europe
955,Data analyst,Full Time,Entry,Remote job,USD,30000, Remote, Global
956,Data analyst,Full Time,Senior,New York City,USD,110000, United States, North America
957,Data analyst,Full Time,Entry,Modena,USD,30000, Italy, Europe
958,Data analyst,Full Time,Mid,Aventura,USD,51000, United States, North America
959,Data analyst,Full Time,Mid,Fremont,USD,51000, United States, North America
962,Data analyst,Full Time,Senior,Amsterdam,USD,63000, Netherlands, Europe
963,Data analyst,Full Time,Senior,Bangkok,USD,63000, Thailand, Asia
967,Data analyst,Full Time,Senior,Atlanta,USD,68000, United States, North America
968,Data analyst,Full Time,Entry,Barcelona,USD,30000, Spain, Europe
969,Data analyst,Full Time,Senior,Bangkok,USD,68000, Thailand, Asia
970,Data analyst,Full Time,Senior,Poland,USD,63000, Poland, Europe
971,Data analyst,Full Time,Senior,London,USD,63000, United Kingdom, Europe
972,Data analyst,Full Time,Senior,Bangkok,USD,63000, Thailand, Asia
974,Data analyst,Full Time,Senior,USA (remote),USD,68000, United States, North America
975,Data analyst,Full Time,Senior,Bengaluru,USD,63000, India, Asia
977,Data analyst,Full Time,Mid,Bangkok,USD,51000, Thailand, Asia
978,Data analyst,Full Time,Mid,London,USD,51000, United Kingdom, Europe
979,Data analyst,Full Time,Senior,Bangkok,USD,63000, Thailand, Asia
984,Data analyst,Full Time,Entry,India - Bengaluru,USD,30000, India, Asia
988,Data analyst,Full Time,Senior,Bengaluru,USD,63000, India, Asia
989,Data analyst,Full Time,Mid,Brampton,USD,51000, Canada, North America
990,Data analyst,Full Time,Senior,Stockholm,USD,63000, Sweden, Europe
992,Data analyst,Full Time,Mid,O'Fallon,USD,51000, United States, North America
994,Data analyst,Full Time,Mid,New York City,USD,140000, United States, North America
997,Data analyst,Full Time,Mid,Bengaluru,USD,51000, India, Asia
999,Data analyst,Full Time,Senior,United States,USD,110000, United States, North America
1000,Data analyst,Full Time,Mid,Richmond,USD,51000, United States, North America
1001,Data analyst,Full Time,Senior,Casa Grande,USD,63000, United States, North America
1002,Data analyst,Full Time,Mid,Southfield,USD,51000, United States, North America
1003,Data analyst,Full Time,Senior,Bangkok,USD,63000, Thailand, Asia
1004,Data analyst,Full Time,Senior,London,USD,63000, United Kingdom, Europe
1006,Data analyst,Full Time,Senior,West Palm Beach,USD,63000, United States, North America
1010,Data analyst,Full Time,Mid,İstanbul,USD,51000, Turkey, Europe
1011,Data analyst,Full Time,Mid,Saint-Sauveur,USD,51000, Canada, North America
1013,Data analyst,Full Time,Entry,Hamburg,USD,30000, Germany, Europe
1014,Data analyst,Full Time,Mid,Stuttgart,USD,51000, Germany, Europe
1015,Data analyst,Full Time,Entry,Madrid,USD,30000, Spain, Europe
1016,Data analyst,Full Time,Senior,New York City,USD,63000, United States, North America
1018,Data analyst,Full Time,Mid,Paris,USD,51000, France, Europe
1019,Data analyst,Full Time,Mid,Sydney,USD,51000, Australia, Oceania
1020,Data analyst,Full Time,Senior,Bangkok,USD,63000, Thailand, Asia
1021,Data analyst,Full Time,Mid,Cape Town,USD,51000, South Africa, Africa
1024,Data analyst,Full Time,Senior,Ontario,USD,63000, Canada, North America
1027,Data analyst,Full Time,Senior,Washington DC - will also consider remote …,USD,63000, United States, North America
1030,Data analyst,Full Time,Senior,Bengaluru,USD,63000, India, Asia
1031,Data analyst,Full Time,Senior,Pune,USD,63000, India, Asia
1032,Data analyst,Full Time,Entry,Kraków,USD,30000, Poland, Europe
1033,Data analyst,Full Time,Senior,Irving,USD,63000, United States, North America
1034,Data analyst,Full Time,Senior,Malaysia - Kuala Lumpur,USD,63000, Malaysia, Asia
1035,Data analyst,Full Time,Senior,Sydney,USD,63000, Australia, Oceania
1036,Data analyst,Full Time,Senior,Montreal,USD,63000, Canada, North America
1038,Data analyst,Full Time,Senior,United States,USD,63000, United States, North America
1039,Data analyst,Full Time,Mid,Boston,USD,124000, United States, North America
1040,Data analyst,Full Time,Senior,Remote - USA,USD,63000, United States, North America
1044,Data analyst,Full Time,Senior,Remote,USD,63000, United States, North America
1046,Data analyst,Internship,Entry,Wien,USD,30000, Austria, Europe
1047,Data analyst,Full Time,Senior,New York City,USD,90000, United States, North America
1048,Data analyst,Full Time,Senior,Stamford,USD,100000, United States, North America
1049,Data analyst,Full Time,Entry,Kraków,USD,30000, Poland, Europe
1054,Data analyst,Full Time,Senior,Washington DC - will also consider remote …,USD,63000, United States, North America
1055,Data analyst,Full Time,Mid,Cairo,USD,51000, Egypt, Africa
1056,Data analyst,Full Time,Mid,Colorado Springs,USD,100000, United States, North America
1057,Data analyst,Full Time,Mid,İstanbul,USD,51000, Turkey, Asia
1107,Data analyst,Full Time,Senior,Remote (US),USD,115000, United States, North America
1114,Data analyst,Full Time,Senior,San Francisco,USD,129000, United States, North America
1118,Data analyst,Full Time,Senior,Enkhuizen,USD,68000, Netherlands, Europe
1121,Data analyst,Full Time,Senior,Brooklyn,USD,104000, United States, North America
1131,Data analyst,Full Time,Senior,Brooklyn,USD,130000, United States, North America
1158,Data analyst,Full Time,Mid,Paris,USD,40000, France, Europe
1174,Data analyst,Full Time,Entry,Mumbai,USD,30000, India, Asia
1177,Data analyst,Full Time,Mid,Mechelen,USD,51000, Belgium, Europe
1178,Data analyst,Full Time,Senior,San Jose,USD,46000, United States, North America
1180,Data analyst,Full Time,Mid,Genève,USD,51000, Switzerland, Europe
1181,Data analyst,Full Time,Senior,Paris,USD,46000, France, Europe
1183,Data analyst,Full Time,Mid,Marousi,USD,51000, Greece, Europe
1184,Data analyst,Full Time,Senior,Irving,USD,68000, United States, North America
1187,Data analyst,Full Time,Senior,India - Bengaluru,USD,46000, India, Asia
1188,Data analyst,Full Time,Senior,San Francisco,USD,110000, United States, North America
1189,Data analyst,Full Time,Mid,Brampton,USD,51000, Canada, North America
1190,Data analyst,Full Time,Senior,US / Remote,USD,46000, United States, North America
1191,Data analyst,Full Time,Senior,New York City,USD,131000, United States, North America
1193,Data analyst,Full Time,Senior,Dubai,USD,46000, United Arab Emirates, Asia
1194,Data analyst,Full Time,Senior,Mountain View,USD,68000, United States, North America
1195,Data analyst,Full Time,Mid,Bengaluru,USD,51000, India, Asia
1197,Data analyst,Full Time,Entry,Walnut Creek,USD,30000, United States, North America
1198,Data analyst,Full Time,Senior,USA,USD,46000, United States, North America
1199,Data analyst,Full Time,Mid,Berlin,USD,51000, Germany, Europe
1200,Big data,Full Time,Senior,Remote,EUR,65000, Europe
1201,Big data,Full Time,Mid,London,USD,51000, United Kingdom, Europe
1202,Big data,Full Time,Senior,London,USD,30000, United Kingdom, Europe
1203,Big data,Full Time,Mid,London,USD,45000, United Kingdom, Europe
1204,Big data,Full Time,Senior,London,USD,30000, United Kingdom, Europe
1205,Big data,Full Time,Senior,Somerville,USD,69000, United States, North America
1207,Big data,Full Time,Senior,Somerville,USD,69000, United States, North America
1208,Big data,Full Time,Senior,London,USD,62000, United Kingdom, Europe
1209,Big data,Full Time,Senior,London,USD,62000, United Kingdom, Europe
1210,Big data,Full Time,Senior,London,USD,62000, United Kingdom, Europe
1211,Big data,Full Time,Mid,London,USD,45000, United Kingdom, Europe
1212,Big data,Full Time,Senior,Boulogne-Billancourt,USD,62000, France, Europe
1213,Big data,Full Time,Mid,London,USD,45000, United Kingdom, Europe
1214,Big data,Full Time,Senior,London,USD,62000, United Kingdom, Europe
1215,Big data,Full Time,Senior,Tel Aviv,USD,30000, Israel, Asia
1216,Big data,Full Time,Senior,Brussels,USD,62000, Belgium, Europe
1219,Big data,Full Time,Senior,Boston,USD,63000, United States, North America
1220,Big data,Full Time,Senior,Boston - Remote,USD,63000, United States, North America
1221,Big data,Full Time,Senior,Porto,USD,56000, Portugal, Europe
1222,Big data,Full Time,Mid,Poznań,USD,45000, Poland, Europe
1223,Big data,Full Time,Senior,London,USD,76000, United Kingdom, Europe
1224,Big data,Full Time,Senior,Cambridge,USD,68000, United Kingdom, Europe
1225,Big data,Full Time,Senior,Cambridge,USD,63000, United Kingdom, Europe
1226,Big data,Full Time,Senior,London,USD,76000, United Kingdom, Europe
1227,Big data,Full Time,Senior,Remote,USD,120000, Europe
1230,Big data,Full Time,Senior,Chicago,USD,113000, United States, North America
1234,Big data,Full Time,Entry,Katowice,USD,30000, Poland, Europe
1238,Big data,Full Time,Senior,Kusterdingen,USD,76000, Germany, Europe
1240,Big data,Full Time,Senior,Kyiv,USD,30000, Ukraine, Europe
1242,Big data,Full Time,Senior,Salt Lake City,USD,68000, United States, North America
1243,Big data,Full Time,Senior,Basel,USD,68000, Switzerland, Europe
1254,Big data,Full Time,Senior,Santa Clara,USD,171000, United States, North America
1263,Big data,Full Time,Senior,São Paulo,USD,30000, Brazil, South America
1264,Big data,Full Time,Senior,United States,USD,63000, United States, North America
1267,Big data,Full Time,Senior,San Francisco,USD,106000, United States, North America
1275,Big data,Full Time,Senior,Basel,USD,68000, Switzerland, Europe
1277,Big data,Full Time,Mid,Abu Dhabi,USD,51000, United Arab Emirates, Asia
1284,Big data,Full Time,Senior,Cape Town,USD,30000, South Africa, Africa
1285,Big data,Full Time,Senior,Aarhus,USD,68000, Denmark, Europe
1290,Big data,Full Time,Senior,Remote,USD,68000, Europe
1291,Big data,Full Time,Senior,Jealott's Hill,USD,68000, United Kingdom, Europe
1295,Big data,Full Time,Senior,Remote,USD,76000, Europe
1296,Big data,Full Time,Senior,Beaverton,USD,76000, United States, North America
1298,Big data,Full Time,Mid,Paris,USD,51000, France, Europe
1305,Big data,Full Time,Executive,Hyderabad,USD,46000, India, Asia
1311,Big data,Full Time,Senior,Dublin,USD,30000, Ireland, Europe
1313,Big data,Full Time,Senior,Kusterdingen,USD,76000, Germany, Europe
1319,Big data,Full Time,Entry,Poznań,USD,30000, Poland, Europe
1320,Big data,Full Time,Senior,Singapore,USD,56000, Singapore, Asia
1323,Big data,Full Time,Senior,London,USD,76000, United Kingdom, Europe
1327,Big data,Full Time,Senior,Hyderabad,USD,30000, India, Asia
1328,Big data,Full Time,Senior,Warszawa,USD,30000, Poland, Europe
1333,Big data,Full Time,Senior,Poland,USD,63000, Poland, Europe
1334,Big data,Full Time,Senior,Bangkok,USD,63000, Thailand, Asia
1336,Big data,Full Time,Mid,Bangkok,USD,51000, Thailand, Asia
1340,Big data,Full Time,Senior,Bangkok,USD,63000, Thailand, Asia
1351,Big data,Full Time,Senior,Bengaluru,USD,30000, India, Asia
1353,Big data,Full Time,Senior,United States,USD,63000, United States, North America
1355,Big data,Full Time,Senior,Bengaluru,USD,30000, India, Asia
1357,Big data,Internship,Entry,Wien,USD,30000, Austria, Europe
1363,Big data,Full Time,Senior,Mexico City,USD,30000, Mexico, North America
1365,Big data,Full Time,Senior,Baar,USD,68000, Switzerland, Europe
1368,Big data,Full Time,Senior,Hyderabad,USD,30000, India, Asia
1373,Big data,Full Time,Senior,Remote,USD,100000, Europe
1380,Big data,Full Time,Mid,Bordeaux,USD,40000, France, Europe
1392,Big data,Full Time,Entry,Mumbai,USD,30000, India, Asia
1397,Big data,Full Time,Senior,Petach Tikva,USD,30000, Israel, Asia
1398,Big data,Full Time,Senior,Bengaluru,USD,30000, India, Asia
1400,Big data,Full Time,Senior,Remote (Anywhere US),USD,30000, United States, North America
1410,Big data,Full Time,Senior,New York City,USD,129000, United States, North America
1413,Big data,Full Time,Senior,Athens,USD,76000, Greece, Europe
1414,Big data,Full Time,Senior,Kusterdingen,USD,76000, Germany, Europe
1416,Big data,Full Time,Senior,New York City; San Francisco,USD,178000, United States, North America
1421,Big data,Full Time,Senior,Bangkok,USD,46000, Thailand, Asia
1424,Big data,Full Time,Senior,Delhi,USD,76000, India, Asia
1426,Big data,Full Time,Senior,Delhi,USD,76000, India, Asia
1430,Big data,Full Time,Senior,Bangkok,USD,46000, Thailand, Asia
1431,Big data,Full Time,Mid,Bangkok,USD,51000, Thailand, Asia
1437,Big data,Full Time,Senior,Westminster,USD,100000, United Kingdom, Europe
1449,Big data,Full Time,Mid,Toulouse,USD,30000, France, Europe
1451,Big data,Full Time,Senior,Vero Beach,USD,45000, United States, North America
1453,Big data,Full Time,Senior,India,USD,30000, India, Asia
1462,Big data,Full Time,Senior,Makati,USD,30000, Philippines, Asia
1463,Big data,Full Time,Senior,Cartagena,USD,76000, Colombia, South America
1464,Big data,Full Time,Mid,Granada,USD,38000, Spain, Europe
1465,Big data,Full Time,Senior,Sydney,USD,30000, Australia, Oceania
1466,Big data,Full Time,Senior,Remote,USD,76000, United States, North America
1468,Big data,Full Time,Mid,Las Vegas,USD,78000, United States, North America
1469,Big data,Full Time,Senior,Singapore,USD,46000, Singapore, Asia
1470,Big data,Full Time,Mid,Bangkok,USD,38000, Thailand, Asia
1471,Big data,Full Time,Senior,Bengaluru,USD,76000, India, Asia
1472,Big data,Full Time,Mid,Enkhuizen,USD,38000, Netherlands, Europe
1473,Big data,Full Time,Senior,Bengaluru,USD,76000, India, Asia
1474,Big data,Full Time,Mid,Bengaluru,USD,30000, India, Asia
1475,Big data,Full Time,Mid,Bengaluru,USD,30000, India, Asia
1477,Big data,Full Time,Mid,Bengaluru,USD,30000, India, Asia
1478,Big data,Full Time,Mid,Monterrey,USD,38000, Mexico, North America
1480,Big data,Full Time,Senior,Bangkok,USD,46000, Thailand, Asia
1481,Big data,Full Time,Senior,Bangkok,USD,46000, Thailand, Asia
1483,Big data,Full Time,Mid,Barcelona,USD,30000, Spain, Europe
1484,Big data,Full Time,Mid,Bangkok,USD,51000, Thailand, Asia
1488,Machine learning,Full Time,Mid,US east coast,USD,124000, United States, North America
1489,Machine learning,Full Time,Executive,Montréal,USD,81000, Canada, North America
1490,Machine learning,Full Time,Mid,Remote,USD,51000, United States, North America
1491,Machine learning,Full Time,Mid,Remote,USD,51000, United States, North America
1492,Machine learning,Full Time,Senior,Stuttgart,USD,62000, Germany, Europe
1493,Machine learning,Full Time,Mid,Remote,USD,51000, United States, North America
1494,Machine learning,Full Time,Senior,Boston,USD,120000, United States, North America
1495,Machine learning,Full Time,Senior,London,USD,68000, United Kingdom, Europe
1496,Machine learning,Full Time,Mid,Remote,USD,51000, United States, North America
1498,Machine learning,Full Time,Senior,Boston,USD,120000, United States, North America
1499,Machine learning,Full Time,Senior,Remote Poland,USD,56000, Poland, Europe
1501,Machine learning,Full Time,Senior,Research Triangle Park,USD,69000, United States, North America
1502,Machine learning,Full Time,Mid,Remote,USD,51000, United States, North America
1503,Machine learning,Full Time,Senior,Remote Poland,USD,56000, Poland, Europe
1504,Machine learning,Full Time,Mid,Remote,USD,51000, United States, North America
1505,Machine learning,Full Time,Mid,Malvern,USD,56000, United States, North America
1506,Machine learning,Full Time,Mid,Athens,USD,51000, Greece, Europe
1508,Machine learning,Full Time,Senior,Remote Poland,USD,56000, Poland, Europe
1509,Machine learning,Full Time,Senior,Portland,USD,142000, United States, North America
1510,Machine learning,Full Time,Mid,Warsaw,USD,51000, Poland, Europe
1511,Machine learning,Full Time,Senior,Santa Clara,USD,69000, United States, North America
1513,Machine learning,Full Time,Mid,Warsaw,USD,51000, Poland, Europe
1514,Machine learning,Full Time,Mid,Warsaw,USD,51000, Poland, Europe
1515,Machine learning,Full Time,Senior,Remote,USD,62000, United States, North America
1516,Machine learning,Full Time,Mid,Toronto,USD,43000, Canada, North America
1518,Machine learning,Full Time,Senior,Lisbon,USD,45000, Portugal, Europe
1520,Machine learning,Full Time,Senior,Mexico,USD,185000, Mexico, North America
1523,Machine learning,Full Time,Senior,Portland,USD,142000, United States, North America
1525,Machine learning,Full Time,Senior,Paris,USD,45000, France, Europe
1530,Machine learning,Full Time,Senior,San Francisco,USD,190000, United States, North America
1531,Machine learning,Full Time,Senior,Seattle,USD,63000, United States, North America
1534,Machine learning,Full Time,Senior,United States (Remote),USD,45000, United States, North America
1535,Machine learning,Full Time,Entry,New York City,USD,30000, United States, North America
1536,Machine learning,Full Time,Senior,San Francisco,USD,201000, United States, North America
1537,Machine learning,Full Time,Senior,Washington,USD,81000, United States, North America
1539,Machine learning,Internship,Entry,Mountain View,USD,56000, United States, North America
1540,Machine learning,Full Time,Senior,New York City,USD,150000, United States, North America
1541,Machine learning,Full Time,Senior,Seattle,USD,45000, United States, North America
1543,Machine learning,Full Time,Senior,Seattle,USD,45000, United States, North America
1544,Machine learning,Internship,Entry,Mountain View,USD,56000, United States, North America
1545,Machine learning,Full Time,Senior,San Francisco,USD,165000, United States, North America
1549,Machine learning,Full Time,Mid,Sydney,USD,62000, Australia, Oceania
1550,Machine learning,Internship,Senior,New York City,USD,45000, United States, North America
1551,Machine learning,Full Time,Mid,Athens,USD,43000, Greece, Europe
1552,Machine learning,Full Time,Senior,Cambridge,USD,68000, United Kingdom, Europe
1555,Machine learning,Full Time,Senior,Remote- US,USD,150000, United States, North America
1556,Machine learning,Full Time,Senior,Remote Canada,USD,63000, Canada, North America
1558,Machine learning,Full Time,Senior,United States,USD,45000, United States, North America
1562,Machine learning,Full Time,Mid,Cape Town,USD,51000, South Africa, Africa
1564,Machine learning,Full Time,Senior,Cambridge,USD,63000, United Kingdom, Europe
1570,Machine learning,Full Time,Senior,New York City,USD,175000, United States, North America
1580,Machine learning,Full Time,Senior,Montreal,USD,56000, Canada, North America
1581,Machine learning,Full Time,Entry,Barcelona,USD,30000, Spain, Europe
1583,Machine learning,Full Time,Mid,Athens,USD,63000, Greece, Europe
1584,Machine learning,Full Time,Mid,London,USD,43000, United Kingdom, Europe
1585,Machine learning,Full Time,Senior,Brooklyn,USD,196000, United States, North America
1586,Machine learning,Full Time,Senior,Remote Canada,USD,63000, Canada, North America
1588,Machine learning,Full Time,Senior,Kyiv,USD,30000, Ukraine, Europe
1589,Machine learning,Full Time,Senior,Remote - United States,USD,177000, United States, North America
1590,Machine learning,Full Time,Senior,Bengaluru,USD,63000, India, Asia
1592,Machine learning,Full Time,Senior,Lisbon,USD,45000, Portugal, Europe
1596,Machine learning,Full Time,Senior,Australia,USD,45000, Australia, Oceania
1597,Machine learning,Full Time,Senior,San Francisco,USD,167000, United States, North America
1598,Machine learning,Full Time,Senior,Sydney,USD,45000, Australia, Oceania
1599,Machine learning,Full Time,Mid,Brampton,USD,43000, Canada, North America
1604,Machine learning,Full Time,Mid,Dallas,USD,40000, United States, North America
1607,Machine learning,Full Time,Mid,Santiago de Querétaro,USD,45000, Mexico, North America
1609,Machine learning,Full Time,Senior,Washington,USD,81000, United States, North America
1610,Machine learning,Full Time,Senior,Warsaw,USD,120000, Poland, Europe
1614,Machine learning,Full Time,Senior,San Francisco,USD,120000, United States, North America
1618,Machine learning,Full Time,Mid,La Libertad,USD,45000, Peru, South America
1619,Machine learning,Full Time,Mid,Santiago,USD,45000, Chile, South America
1624,Machine learning,Full Time,Entry,Seoul,USD,30000, South Korea, Asia
1630,Machine learning,Full Time,Senior,New York City,USD,200000, United States, North America
1633,Machine learning,Full Time,Senior,New York,USD,95000, United States, North America
1634,Machine learning,Full Time,Mid,Dayton,USD,40000, United States, North America
1635,Machine learning,Full Time,Senior,Seoul,USD,68000, South Korea, Asia
1636,Machine learning,Full Time,Entry,Seattle,USD,30000, United States, North America
1638,Machine learning,Internship,Mid,Paris,USD,63000, France, Europe
1639,Machine learning,Full Time,Mid,Emeryville,USD,135000, United States, North America
1640,Machine learning,Full Time,Entry,Massy - France,USD,36000, France, Europe
1641,Machine learning,Full Time,Senior,San Francisco,USD,68000, United States, North America
1642,Machine learning,Internship,Mid,Brooklyn,USD,63000, United States, North America
1645,Machine learning,Full Time,Senior,Seoul,USD,45000, South Korea, Asia
1646,Machine learning,Internship,Mid,Paris,USD,63000, France, Europe
1647,Machine learning,Full Time,Senior,Oakville,USD,68000, Canada, North America
1648,Machine learning,Full Time,Senior,Seoul,USD,45000, South Korea, Asia
1656,Machine learning,Full Time,Senior,Munich,USD,45000, Germany, Europe
1657,Machine learning,Full Time,Senior,Lisbon,USD,45000, Portugal, Europe
1658,Machine learning,Full Time,Senior,Santa Clara,USD,68000, United States, North America
1659,Machine learning,Full Time,Senior,Remote US,USD,45000, United States, North America
1663,Machine learning,Full Time,Senior,United States,USD,63000, United States, North America
1666,Machine learning,Internship,Mid,United States - Remote,USD,63000, United States, North America
1667,Machine learning,Full Time,Entry,Calabasas,USD,120000, United States, North America
1669,Machine learning,Full Time,Entry,Carquefou,USD,30000, France, Europe
1672,Machine learning,Full Time,Mid,United States - Remote,USD,100000, United States, North America
1673,Machine learning,Full Time,Senior,Melbourne,USD,45000, Australia, Oceania
1674,Machine learning,Full Time,Mid,New York City,USD,150000, United States, North America
1676,Machine learning,Internship,Mid,Brooklyn,USD,63000, United States, North America
1677,Machine learning,Full Time,Senior,Seattle,USD,45000, United States, North America
1678,Machine learning,Full Time,Mid,United States - Remote,USD,100000, United States, North America
1679,Machine learning,Full Time,Mid,Ann Arbor,USD,90000, United States, North America
1683,Machine learning,Full Time,Entry,Roppongi,USD,56000, Japan, Asia
1688,Machine learning,Full Time,Senior,Palo Alto,USD,45000, United States, North America
1695,Machine learning,Full Time,Mid,United States - Remote,USD,43000, United States, North America
1698,Machine learning,Full Time,Mid,Nairobi,USD,43000, Kenya, Africa
1701,Machine learning,Full Time,Mid,France - Remote,USD,43000, France, Europe
1704,Machine learning,Full Time,Entry,Toronto,USD,36000, Canada, North America
1705,Machine learning,Full Time,Senior,Remote - US; Remote - Canada,USD,168000, United States, North America
1706,Machine learning,Full Time,Mid,Ahmedabad,USD,43000, India, Asia
1708,Machine learning,Full Time,Mid,Barcelona,USD,40000, Spain, Europe
1710,Machine learning,Full Time,Senior,New York City,USD,45000, United States, North America
1713,Machine learning,Full Time,Senior,San Francisco,USD,142000, United States, North America
1714,Machine learning,Full Time,Mid,Roppongi,USD,43000, Japan, Asia
1716,Machine learning,Full Time,Senior,Pune,USD,45000, India, Asia
1717,Machine learning,Full Time,Mid,Roppongi,USD,43000, Japan, Asia
1723,Machine learning,Full Time,Senior,Berlin,USD,120000, Germany, Europe
1725,Machine learning,Full Time,Senior,Remote,USD,76000, United States, North America
1726,Machine learning,Full Time,Senior,Remote - United States,USD,45000, United States, North America
1727,Machine learning,Full Time,Senior,Arlington,USD,90000, United States, North America
1730,Machine learning,Full Time,Senior,Aarhus,USD,68000, Denmark, Europe
1734,Machine learning,Full Time,Senior,Arlington,USD,105000, United States, North America
1740,Machine learning,Full Time,Senior,Berlin,USD,120000, Germany, Europe
1741,Machine learning,Full Time,Mid,Brampton,USD,43000, Canada, North America
1746,Machine learning,Full Time,Senior,London,USD,45000, United Kingdom, Europe
1747,Machine learning,Full Time,Senior,Vancouver,USD,132000, Canada, North America
1749,Machine learning,Full Time,Senior,Remote,USD,45000, United States, North America
1750,Machine learning,Full Time,Senior,Palo Alto,USD,45000, United States, North America
1753,Machine learning,Full Time,Entry,San Francisco,USD,140000, United States, North America
1756,Machine learning,Full Time,Mid,Paris,USD,51000, France, Europe
1757,Machine learning,Full Time,Senior,US Remote,USD,183000, United States, North America
1763,Machine learning,Full Time,Senior,Beaverton,USD,63000, United States, North America
1767,Machine learning,Full Time,Senior,Remote,USD,45000, United States, North America
1769,Machine learning,Full Time,Senior,Toronto,USD,68000, Canada, North America
1773,Machine learning,Internship,Senior,Sunnyvale,USD,63000, United States, North America
1775,Machine learning,Full Time,Entry,Warszawa,USD,30000, Poland, Europe
1776,Machine learning,Internship,Mid,Brooklyn,USD,63000, United States, North America
1779,Machine learning,Full Time,Entry,Antwerp,USD,30000, Belgium, Europe
1786,Machine learning,Full Time,Mid,Dallas,USD,40000, United States, North America
1788,Machine learning,Full Time,Senior,San Francisco,USD,45000, United States, North America
1789,Machine learning,Full Time,Mid,Remote job,USD,45000, United States, North America
1795,Machine learning,Full Time,Senior,Bengaluru,USD,76000, India, Asia
1796,Machine learning,Full Time,Senior,London,USD,68000, United Kingdom, Europe
1797,Machine learning,Full Time,Mid,Barcelona,USD,43000, Spain, Europe
1799,Machine learning,Full Time,Senior,Remote,USD,76000, United States, North America
1800,Machine learning,Full Time,Senior,Paris | Remote,EUR,70000, France, Europe
1801,Machine learning,Full Time,Senior,Amsterdam,USD,120000, Netherlands, Europe
1803,Machine learning,Full Time,Senior,Amsterdam,USD,45000, Netherlands, Europe
1804,Machine learning,Full Time,Senior,Remote - Uruguay,USD,45000, Uruguay, South America
1805,Machine learning,Full Time,Senior,Vietnam - Remote,USD,76000, Vietnam, Asia
1806,Machine learning,Full Time,Mid,Budapest,USD,45000, Hungary, Europe
1808,Machine learning,Full Time,Entry,Poznań,USD,30000, Poland, Europe
1809,Machine learning,Full Time,Senior,Singapore,USD,56000, Singapore, Asia
1811,Machine learning,Full Time,Entry,Oslo,USD,30000, Norway, Europe
1815,Machine learning,Full Time,Senior,London,USD,45000, United Kingdom, Europe
1821,Machine learning,Full Time,Senior,Bangkok,USD,68000, Thailand, Asia
1824,Machine learning,Full Time,Senior,United States,USD,45000, United States, North America
1825,Machine learning,Full Time,Senior,Bangkok,USD,63000, Thailand, Asia
1827,Machine learning,Full Time,Senior,New York,USD,145000, United States, North America
1828,Machine learning,Full Time,Senior,tel aviv,USD,45000, Israel, Asia
1831,Machine learning,Full Time,Senior,United States,USD,145000, United States, North America
1833,Machine learning,Full Time,Mid,Brampton,USD,43000, Canada, North America
1840,Machine learning,Full Time,Senior,Remote,USD,45000, United States, North America
1845,Machine learning,Full Time,Senior,Palo Alto,USD,45000, United States, North America
1846,Machine learning,Full Time,Executive,New York City - Boston,USD,110000, United States, North America
1848,Machine learning,Full Time,Senior,Bangkok,USD,63000, Thailand, Asia
1849,Machine learning,Full Time,Senior,Remote,USD,45000, United States, North America
1852,Machine learning,Full Time,Mid,Markham,USD,43000, Canada, North America
1856,Machine learning,Full Time,Senior,Toronto,USD,120000, Canada, North America
1857,Machine learning,Full Time,Senior,India,USD,45000, India, Asia
1859,Machine learning,Full Time,Senior,United States,USD,45000, United States, North America
1860,Machine learning,Full Time,Mid,Spain - Remote,USD,40000, Spain, Europe
1861,Machine learning,Full Time,Senior,Remote,USD,45000, United States, North America
1864,Machine learning,Full Time,Mid,London,GBP,40000, United Kingdom, Europe
1867,Machine learning,Full Time,Senior,San Francisco,USD,45000, United States, North America
1868,Machine learning,Full Time,Senior,Bengaluru,USD,45000, India, Asia
1870,Machine learning,Full Time,Senior,Tampere,USD,45000, Finland, Europe
1871,Machine learning,Full Time,Entry,Sofia,USD,30000, Bulgaria, Europe
1872,Machine learning,Full Time,Senior,US Remote,USD,163000, United States, North America
1873,Machine learning,Full Time,Senior,United States,USD,45000, United States, North America
1877,Machine learning,Full Time,Senior,London,USD,45000, United Kingdom, Europe
1881,Machine learning,Full Time,Senior,Brooklyn,USD,196000, United States, North America
1883,Machine learning,Full Time,Senior,US Remote,USD,120000, United States, North America
1884,Machine learning,Full Time,Senior,United States,USD,63000, United States, North America
1885,Machine learning,Full Time,Senior,Remote - USA,USD,63000, United States, North America
1886,Machine learning,Full Time,Senior,United States,USD,45000, United States, North America
1887,Machine learning,Full Time,Senior,United States,USD,45000, United States, North America
1889,Machine learning,Full Time,Senior,Remote,USD,45000, United States, North America
1890,Machine learning,Full Time,Executive,United States,USD,43000, United States, North America
1896,Machine learning,Full Time,Senior,Canada,USD,45000, Canada, North America
1900,Machine learning,Full Time,Mid,Cambridge,USD,30000, United Kingdom, Europe
1905,Machine learning,Full Time,Senior,Indianapolis,USD,68000, United States, North America
1911,Machine learning,Full Time,Mid,Bengaluru,USD,63000, India, Asia
1914,Machine learning,Full Time,Senior,Toronto,USD,45000, Canada, North America
1920,Machine learning,Full Time,Senior,Work from Home,USD,45000, United States, North America
1923,Machine learning,Full Time,Senior,New York City,USD,81000, United States, North America
1924,Machine learning,Full Time,Senior,Munich,USD,45000, Germany, Europe
1927,Machine learning,Full Time,Mid,New York City,USD,43000, United States, North America
1928,Machine learning,Full Time,Senior,New York City; San Francisco,USD,141000, United States, North America
1929,Machine learning,Full Time,Entry,Seattle,USD,30000, United States, North America
1932,Machine learning,Full Time,Senior,Los Angeles,USD,103000, United States, North America
1934,Machine learning,Full Time,Mid,Lisbon,USD,63000, Portugal, Europe
1938,Machine learning,Full Time,Mid,Roppongi,USD,62000, Japan, Asia
1939,Machine learning,Full Time,Senior,Valencia,USD,68000, Spain, Europe
1941,Machine learning,Full Time,Senior,Remote,USD,100000, United States, North America
1946,Machine learning,Full Time,Senior,Remote Canada,USD,45000, Canada, North America
1949,Machine learning,Full Time,Mid,South Jakarta,USD,43000, Indonesia, Asia
1955,Machine learning,Full Time,Senior,Seattle,USD,68000, United States, North America
1958,Machine learning,Full Time,Senior,Canada,USD,45000, Canada, North America
1960,Machine learning,Full Time,Senior,London,USD,63000, United Kingdom, Europe
1961,Machine learning,Full Time,Mid,Roppongi,USD,62000, Japan, Asia
1972,Machine learning,Full Time,Senior,Mountain View,USD,56000, United States, North America
1975,Machine learning,Full Time,Senior,Palo Alto,USD,68000, United States, North America
1981,Machine learning,Full Time,Senior,Bengaluru,USD,68000, India, Asia
1985,Machine learning,Full Time,Senior,Dublin,USD,45000, Ireland, Europe
1986,Machine learning,Full Time,Senior,Berlin,USD,68000, Germany, Europe
1987,Machine learning,Full Time,Senior,Atlanta,USD,76000, United States, North America
1988,Machine learning,Full Time,Mid,Mandaluyong,USD,43000, Philippines, Asia
1990,Machine learning,Full Time,Senior,Atlanta,USD,76000, United States, North America
1991,Machine learning,Full Time,Senior,Remote,USD,45000, United States, North America
1993,Machine learning,Full Time,Mid,Brampton,USD,43000, Canada, North America
1996,Machine learning,Full Time,Senior,London,USD,45000, United Kingdom, Europe
1998,Machine learning,Full Time,Senior,San Francisco,USD,142000, United States, North America
1999,Machine learning,Full Time,Executive,Singapore,USD,43000, Singapore, Asia
2001,Machine learning,Full Time,Senior,Toronto,USD,228000, Canada, North America
2003,Machine learning,Full Time,Senior,Bengaluru,USD,45000, India, Asia
2004,Machine learning,Full Time,Executive,San Francisco,USD,175000, United States, North America
2006,Machine learning,Full Time,Mid,Greenville,USD,38000, United States, North America
2007,Machine learning,Full Time,Senior,San Jose,USD,56000, United States, North America
2010,Machine learning,Full Time,Senior,Bengaluru,USD,45000, India, Asia
2011,Machine learning,Full Time,Senior,San Francisco,USD,45000, United States, North America
2016,Machine learning,Full Time,Senior,Seoul,USD,68000, South Korea, Asia
2017,Machine learning,Full Time,Entry,Seoul,USD,30000, South Korea, Asia
2028,Machine learning,Full Time,Senior,San Jose,USD,45000, United States, North America
2031,Machine learning,Full Time,Senior,Brooklyn,USD,184000, United States, North America
2032,Machine learning,Full Time,Senior,Bengaluru,USD,45000, India, Asia
2033,Machine learning,Full Time,Senior,San Jose,USD,45000, United States, North America
2034,Machine learning,Full Time,Mid,Berkeley,USD,43000, United States, North America
2045,Machine learning,Full Time,Senior,Seoul,USD,45000, South Korea, Asia
2047,Machine learning,Full Time,Senior,San Francisco,USD,142000, United States, North America
2049,Machine learning,Full Time,Senior,Santa Clara,USD,45000, United States, North America
2050,Machine learning,Full Time,Senior,Munich,USD,45000, Germany, Europe
2051,Machine learning,Full Time,Entry,Antwerp,USD,30000, Belgium, Europe
2053,Machine learning,Full Time,Mid,United States,USD,43000, United States, North America
2054,Machine learning,Full Time,Senior,San Francisco,USD,172000, United States, North America
2055,Machine learning,Full Time,Senior,Sunnyvale,USD,56000, United States, North America
2056,Machine learning,Full Time,Senior,Lexington,USD,68000, United States, North America
2057,Machine learning,Full Time,Senior,Sunnyvale,USD,56000, United States, North America
2060,Machine learning,Full Time,Senior,London,USD,45000, United Kingdom, Europe
2062,Machine learning,Full Time,Senior,New York City,USD,45000, United States, North America
2063,Machine learning,Full Time,Senior,Bangkok,USD,46000, Thailand, Asia
2064,Machine learning,Full Time,Senior,Portugal,USD,45000, Portugal, Europe
2065,Machine learning,Internship,Entry,Santa Clara,USD,36000, United States, North America
2066,Machine learning,Full Time,Mid,London,GBP,65000, United Kingdom, Europe
2069,Machine learning,Full Time,Senior,Boston,USD,115000, United States, North America
2072,Machine learning,Full Time,Senior,Pune,USD,45000, India, Asia
2074,Machine learning,Full Time,Senior,San Francisco,USD,142000, United States, North America
2075,Machine learning,Full Time,Senior,Delhi,USD,76000, India, Asia
2079,Machine learning,Full Time,Mid,Warsaw,USD,43000, Poland, Europe
2081,Machine learning,Full Time,Senior,Bangkok,USD,46000, Thailand, Asia
2083,Machine learning,Full Time,Mid,Kraków,USD,43000, Poland, Europe
2090,Machine learning,Full Time,Senior,Bengaluru,USD,68000, India, Asia
2094,Machine learning,Full Time,Senior,Wrocław,USD,45000, Poland, Europe
2098,Machine learning,Full Time,Senior,Wrocław,USD,45000, Poland, Europe
2099,Machine learning,Full Time,Senior,New York City,USD,119000, United States, North America
2100,Machine learning,Full Time,Senior,San Francisco,USD,147000, United States, North America
2101,Machine learning,Full Time,Senior,Basel,USD,45000, Switzerland, Europe
2105,Machine learning,Full Time,Senior,Palo Alto,USD,45000, United States, North America
2106,Machine learning,Full Time,Senior,Abu Dhabi,USD,68000, United Arab Emirates, Asia
2107,Machine learning,Full Time,Senior,India,USD,68000, India, Asia
2109,Machine learning,Internship,Senior,United States,USD,45000, United States, North America
2111,Machine learning,Full Time,Senior,České Budějovice,USD,68000, Czech Republic, Europe
2114,Machine learning,Full Time,Senior,San Francisco,USD,68000, United States, North America
2118,Machine learning,Full Time,Mid,Toulouse,USD,30000, France, Europe
2119,Machine learning,Full Time,Senior,Ballerup,USD,76000, Denmark, Europe
2122,Machine learning,Full Time,Senior,Vero Beach,USD,45000, United States, North America
2124,Machine learning,Full Time,Mid,Ho Chi Minh City,USD,38000, Vietnam, Asia
2130,Machine learning,Full Time,Entry,Paris,USD,30000, France, Europe
2134,Machine learning,Internship,Entry,Palo Alto,USD,30000, United States, North America
2139,Machine learning,Full Time,Senior,Poland,USD,45000, Poland, Europe
2144,Machine learning,Full Time,Senior,UK/EU or compatible timezone (Remote),USD,45000, United Kingdom, Europe
2147,Machine learning,Full Time,Senior,San Francisco,USD,45000, United States, North America
2149,Machine learning,Full Time,Mid,Brampton,USD,43000, Canada, North America
2161,Machine learning,Full Time,Senior,Remote,USD,68000, United States, North America
2170,Machine learning,Full Time,Entry,Stuttgart,USD,30000, Germany, Europe
2172,Machine learning,Full Time,Senior,Toronto,USD,45000, Canada, North America
2178,Machine learning,Full Time,Senior,United States,USD,45000, United States, North America
2180,Machine learning,Full Time,Senior,Remote,USD,45000, United States, North America
2181,Machine learning,Full Time,Mid,Ann Arbor,USD,90000, United States, North America
2188,ML Ops,Full Time,Mid,US east coast,USD,124000, United States, North America
2189,ML Ops,Full Time,Entry,North Sydney,USD,35000, Australia, Oceania
2190,ML Ops,Full Time,Senior,Berlin,USD,62000, Germany, Europe
2191,ML Ops,Full Time,Mid,Malvern,USD,56000, United Kingdom, Europe
2201,ML Ops,Full Time,Mid,London,USD,43000, United Kingdom, Europe
2202,ML Ops,Full Time,Mid,Santiago de Querétaro,USD,45000, Mexico, North America
2205,ML Ops,Full Time,Mid,La Libertad,USD,45000, Peru, South America
2206,ML Ops,Full Time,Mid,Santiago,USD,45000, Chile, South America
2208,ML Ops,Full Time,Senior,San Francisco,USD,68000, United States, North America
2225,ML Ops,Full Time,Entry,San Diego,USD,58000, United States, North America
2232,ML Ops,Full Time,Senior,Toronto,USD,45000, Canada, North America
2237,ML Ops,Full Time,Senior,New York City; San Francisco,USD,141000, United States, North America
2239,ML Ops,Full Time,Senior,New York City / Remote,USD,55000, United States, North America
2240,ML Ops,Full Time,Senior,Remote,USD,100000, United States, North America
2243,ML Ops,Full Time,Senior,Toronto,USD,228000, Canada, North America
2249,ML Ops,Full Time,Senior,Boston,USD,115000, United States, North America
2250,ML Ops,Full Time,Senior,Delhi,USD,76000, India, Asia
2255,ML Ops,Full Time,Senior,San Francisco,USD,68000, United States, North America
2259,ML Ops,Internship,Senior,New York City,USD,135000, United States, North America